period,city,sr,tmin,tmax,rh ,sh,ep,ws,rf
Jan-90,ilorin,13.8,19.9,33.9,75,8,7.2,3.5,0
Feb-90,ilorin,16.7,22.8,35.1,69,7.7,9.5,5.4,18.8
Mar-90,ilorin,18.8,23.9,35.8,71,7.2,8.8,3.9,3.6
Apr-90,ilorin,17,22.8,34.5,72,6.6,7.6,3.6,44.4
May-90,ilorin,15.8,21.9,31.1,79,6.6,4.5,3.5,135.2
Jun-90,ilorin,15,21.7,29.9,81,6.1,3.7,3.1,214.7
Jul-90,ilorin,11.6,20.9,28,85,4.6,3,3.8,123.9
Aug-90,ilorin,12.2,21.1,27.9,85,3,2.5,4,280.1
Sep-90,ilorin,15.1,21.2,29.5,86,4.3,2.5,3.1,214.6
Oct-90,ilorin,15.8,21.8,30.4,82,4.5,2.9,3.3,197.3
Nov-90,ilorin,17,22.2,32.3,75,6.9,5.5,3,2.9
Dec-90,ilorin,15.1,16.4,32,56,7.4,8.1,4.3,1.6
Jan-91,ilorin,14.5,19.2,32.9,56,6.4,9.5,4.3,0.1
Feb-91,ilorin,16.8,22.3,35.7,63,6.2,11.1,4.2,0.1
Mar-91,ilorin,15.9,22.9,35.1,73,4.7,8,4.6,117.7
Apr-91,ilorin,16.4,22.8,33.9,74,6.4,6.6,4.3,86.3
May-91,ilorin,14.1,22.3,32.2,80,7.5,4,4.8,265.8
Jun-91,ilorin,14.8,22.1,30.1,83,5.8,3.5,4.8,225.8
Jul-91,ilorin,12.2,20.9,28.3,86,4.3,3.2,4.3,163.3
Aug-91,ilorin,11.4,20.8,27.9,87,3.5,2.7,4.2,76.8
Sep-91,ilorin,14.1,20.9,29.1,85,3.6,2.7,3.2,252.9
Oct-91,ilorin,14.6,22.2,31,82,6.4,3,3.2,98.3
Nov-91,ilorin,17,19.3,33.3,61,7.9,7.9,3.5,0.1
Dec-91,ilorin,14,20.1,33.9,76,7.2,6.9,4.2,0
Jan-92,ilorin,14.9,20.2,33.1,49,8.3,9.9,3.7,8
Feb-92,ilorin,17.9,22.1,33.9,58,8.4,8.8,3.8,28.9
Mar-92,ilorin,15.6,22.9,35.1,68,7.4,7.7,4.6,22.2
Apr-92,ilorin,16.3,22.7,33.2,76,5.7,6,4.1,141.8
May-92,ilorin,16,22.5,30.9,81,7.3,3.4,3.9,150.6
Jun-92,ilorin,13,21.9,30.1,82,6,3,4.2,127.2
Jul-92,ilorin,12.3,20.9,28.2,85,3.7,2.8,4.2,76.7
Aug-92,ilorin,11.2,20.7,27.9,84,3.6,2.9,3.7,182.5
Sep-92,ilorin,13.2,20.6,29.1,86,4.1,2.1,3.8,247.8
Oct-92,ilorin,16.5,21.3,30,84,5.6,2.2,3.6,229.4
Nov-92,ilorin,16.4,20.3,32.2,70,8.2,4.9,3.7,0
Dec-92,ilorin,15.3,20.1,33.3,65,7.7,6.6,6,0
Jan-93,ilorin,14.7,17.2,31.1,23,7.4,13.5,4.3,0
Feb-93,ilorin,17.5,21.5,35.9,57,8.5,9.8,4.5,8.6
Mar-93,ilorin,16.9,22.9,36.1,52,6,11.6,5,15
Apr-93,ilorin,17.7,23.6,35.2,74,7.1,6.3,4.5,92.3
May-93,ilorin,15.8,22.8,32.9,77,6.2,4.5,6.1,175.1
Jun-93,ilorin,12.6,21.9,30.3,81,4.9,3.3,4.1,146.2
Jul-93,ilorin,12.3,21.1,28.1,84,4.8,2.9,4.9,91.8
Aug-93,ilorin,12.8,20.6,28.2,87,4,2.5,4.6,215.9
Sep-93,ilorin,15,20.8,30.1,84,5.4,2.5,4.8,228.3
Oct-93,ilorin,15.2,21.6,32.2,77,6.2,4.2,4.6,34
Nov-93,ilorin,16.4,23.1,34.1,72,7.3,5.8,3.9,1.7
Dec-93,ilorin,14.5,21.3,32,76,7.4,4.4,5.3,148.3
Jan-94,ilorin,12.9,18.2,33.3,56,7.1,9,5.3,0
Feb-94,ilorin,15.5,22.3,35.8,68,6.6,10.5,5.1,0
Mar-94,ilorin,18.5,23.9,36.1,73,7.7,6.6,5.2,83.5
Apr-94,ilorin,15.9,22.8,33,79,6.9,5,5.7,88.3
May-94,ilorin,15.2,21.7,31.9,77,6.6,3.6,5.1,139.9
Jun-94,ilorin,14.1,21.3,30.1,80,6.4,3.1,4.3,214.3
Jul-94,ilorin,12.2,20.9,29.3,83,3.6,2.6,5.1,267.3
Aug-94,ilorin,10.9,21.7,30.2,85,4,2.8,4.9,272.5
Sep-94,ilorin,11.4,20.8,30.1,83,4.5,2.5,3.8,158.8
Oct-94,ilorin,14.4,21.7,31.1,81,6.1,3.1,3.8,83.3
Nov-94,ilorin,17.9,21.9,34.2,70,6.6,5.6,4.7,2.6
Dec-94,ilorin,15.4,19.2,33.3,58,6.5,7.6,5.6,0.1
Jan-95,ilorin,14,22.2,33.9,64,7.1,7.7,7.5,0.8
Feb-95,ilorin,17.8,19.6,35.2,43,7.4,12.7,5.9,0.1
Mar-95,ilorin,18.4,24.6,35.9,68,6.8,7.8,4.5,51.3
Apr-95,ilorin,16.5,23.6,33.1,76,7.3,4.8,4.9,57.6
May-95,ilorin,16.4,23.5,32.3,77,6.7,4.7,5.3,175.6
Jun-95,ilorin,13.8,21.2,29.8,83,6.6,2.9,5.4,184.9
Jul-95,ilorin,12.8,21.1,29.1,83,3.6,2.8,5.4,251.1
Aug-95,ilorin,11.4,22.2,28.9,86,3.1,2.7,5.9,89.9
Sep-95,ilorin,13.7,20.9,30.3,84,4.7,2.1,3.7,293.1
Oct-95,ilorin,15.9,20.8,33.2,78,6.8,4.1,5.4,20.5
Nov-95,ilorin,17.4,22.1,34.9,75,6.4,5.7,5.7,8.5
Dec-95,ilorin,15.7,18.3,33.3,45,7.3,9.2,5.5,0
Jan-96,ilorin,15.7,22.2,34.1,65,8,7.7,5.5,5.5
Feb-96,ilorin,17.4,22.9,35.3,75,6,6.6,6.5,90.7
Mar-96,ilorin,18.2,23.3,34.2,74,6.3,5.5,5.7,108.4
Apr-96,ilorin,17.3,23.2,34.3,75,6.6,4.9,6.5,58.3
May-96,ilorin,16.1,23.3,33.3,76,6.5,4.2,5.9,97.5
Jun-96,ilorin,13.3,21.2,30.2,82,5,3.5,4.4,264
Jul-96,ilorin,11.8,21.1,28.3,86,3.4,2.6,5.4,126.9
Aug-96,ilorin,11.1,21.3,28.2,84,2.6,2.6,5.7,153.7
Sep-96,ilorin,12.9,21.1,29.3,85,3.8,2.3,3.9,195.7
Oct-96,ilorin,14.6,21,31.2,83,6.2,2.7,5.5,220.9
Nov-96,ilorin,17.7,21.2,32.2,75,6.7,5,5.6,6.8
Dec-96,ilorin,16,17.3,31.9,47,6.8,8.5,5.4,0
Jan-97,ilorin,14.8,19.9,34.1,63,3.1,8.1,5.4,0
Feb-97,ilorin,17.5,23.8,36.3,70,6.5,8,6.1,3.6
Mar-97,ilorin,16.4,22.7,34.9,66,5.9,8,5.5,68.4
Apr-97,ilorin,16.9,24.9,35.3,71,7.2,7.9,6,19.6
May-97,ilorin,14.7,23.6,35.2,72,7,6.1,4.9,79.4
Jun-97,ilorin,13.5,22.8,30.9,79,4.4,3.4,4.5,183.7
Jul-97,ilorin,13.1,21.9,30.2,84,3.5,3.1,4.7,176.3
Aug-97,ilorin,12.2,21.5,30.1,86,2.5,2.3,4.4,338.3
Sep-97,ilorin,14.6,20.6,30,84,5.2,2.7,4.1,238.6
Oct-97,ilorin,14.6,21.7,32.2,83,6.2,3.8,3.9,105.8
Nov-97,ilorin,18.1,21.2,33.9,73,7.8,7.5,3.5,0
Dec-97,ilorin,15.9,19.3,34.1,58,7.3,8.7,5.6,0
Jan-98,ilorin,14.7,20.9,33.3,56,5.6,8.8,5.2,73.3
Feb-98,ilorin,17.4,22.8,35.1,70,7,8,4.5,26.2
Mar-98,ilorin,16.7,23.6,34.9,75,7.1,6.8,5.1,48.3
Apr-98,ilorin,17.2,22.7,34.2,75,6.2,5.6,4.2,103.2
May-98,ilorin,15.5,22.6,32.1,79,6.4,4.2,4.3,169.1
Jun-98,ilorin,14.4,22.3,30.3,82,6.6,3,3.4,196.3
Jul-98,ilorin,11.8,21.9,29.1,84,5.2,3.4,3.6,69.2
Aug-98,ilorin,11.2,20.8,27.9,83,5.3,3.4,3.3,59.6
Sep-98,ilorin,12.8,20.6,30.1,83,5.2,2.9,3.4,107.7
Oct-98,ilorin,15.6,21.8,32.2,80,5.3,3.7,3.2,43.1
Nov-98,ilorin,18.1,22.2,34.3,77,6.5,6.9,3.1,2.6
Dec-98,ilorin,14.9,20.3,33.3,59,4.8,8.4,3.6,0.3
Jan-99,ilorin,14.8,16.2,33.1,24,4.9,12.4,5,0
Feb-99,ilorin,17.1,19.8,35.3,36,5,13.5,5,0
Mar-99,ilorin,18.7,22.9,35.1,71,3.1,7.9,7,46.5
Apr-99,ilorin,17.1,22.6,33.9,76,5.1,6.5,8,54.6
May-99,ilorin,15.8,21.9,31.8,77,6.3,4.3,7,42.7
Jun-99,ilorin,13.8,21.1,30,83,5,3.4,6,199.5
Jul-99,ilorin,12.4,20.9,29.1,81,4.5,3.3,6,95.8
Aug-99,ilorin,11.2,20.7,29.3,86,4.5,2.9,7,119
Sep-99,ilorin,12.9,20.6,29,86,4.2,2.8,5,121.3
Oct-99,ilorin,15.4,21.8,31.1,82,5.8,3.4,5,115.2
Nov-99,ilorin,18.3,20.6,35.2,69,7.7,7.9,3,0
Dec-99,ilorin,16.5,19.2,33.4,57,5.3,8,4,0
Jan-00,ilorin,15.5,22,34,61,5.9,8.1,7,0
Feb-00,ilorin,17.1,20.5,35,46,7.8,11.6,5,5.4
Mar-00,ilorin,18.6,22.6,37,48,6.5,13.6,5,0
Apr-00,ilorin,17.2,22.8,34,76,7.4,6.6,6,80.1
May-00,ilorin,16.9,21.7,32,82,6.5,3.9,7,144.8
Jun-00,ilorin,15.1,21.6,31,86,6.1,3.5,6,132.4
Jul-00,ilorin,12.3,21.9,28,87,3.1,2.5,6,185
Aug-00,ilorin,12.5,20.6,28,88,3.9,2.4,7,86.1
Sep-00,ilorin,13.1,20.8,30,88,3.7,2.4,5,261.4
Oct-00,ilorin,15.1,21.6,32,50,6,3.3,5,61.4
Nov-00,ilorin,18.3,22.9,35,77,6.9,5.2,5,16.9
Dec-00,ilorin,16.3,22.2,33,76,6,6.1,4,46.6
Jan-01,ilorin,15.9,20.8,33.6,64,5.1,8.1,3,3.1
Feb-01,ilorin,17.9,23.3,35.5,73,8,7.3,4,19.7
Mar-01,ilorin,19.9,23.8,34.6,75,6.2,6.4,6,92.1
Apr-01,ilorin,18.2,22.6,32.3,77,6.8,4.7,7,128
May-01,ilorin,15.7,22.3,30.8,82,7.9,2.7,6,355.7
Jun-01,ilorin,14.7,22,31.1,83,6.6,3.1,5,119
Jul-01,ilorin,11.6,21.4,28.8,86,4.8,2.3,5,325.9
Aug-01,ilorin,11.2,21.3,27.9,87,4.3,2.4,4,138.8
Sep-01,ilorin,12.6,21.5,30.1,86,4.9,2.5,5,112.7
Oct-01,ilorin,18.2,21.1,30.3,83,6.4,1.1,4,172.9
Nov-01,ilorin,19,21.5,33.2,75,5.2,5.6,4,0.5
Dec-01,ilorin,16.7,19.1,32.9,55,8.1,8.7,3,0
Jan-02,ilorin,17.9,17.7,32.5,42,6.1,12.4,4,0
Feb-02,ilorin,18,20.5,36.1,45,5.7,13.8,3,0
Mar-02,ilorin,16.5,23.9,36.5,68,7.7,9.1,6,0
Apr-02,ilorin,16.9,23.5,35,69,7.3,6.6,6,41.5
May-02,ilorin,15.6,22.8,32.1,78,7.4,4.3,7,140.4
Jun-02,ilorin,12.9,21.6,29.9,78,7,3.5,5,72.5
Jul-02,ilorin,11.9,21.6,28.9,83,4,3,6,116.3
Aug-02,ilorin,13.3,21.3,27.7,83,2.4,3.1,5,49.2
Sep-02,ilorin,15.1,21,28.2,85,4.5,2.5,4,289.7
Oct-02,ilorin,17.5,20.9,30.9,81,6.3,3,4,166.4
Nov-02,ilorin,18.2,20.2,31.8,63,7.7,5.7,4,55.6
Dec-02,ilorin,14.5,18.7,33.8,61,7.3,7.3,3,0
Jan-03,ilorin,17.2,18.2,32.8,43,6.5,11.3,5,0
Feb-03,ilorin,17.8,21.3,35.7,60,5.3,10.4,5,3.6
Mar-03,ilorin,17.1,22.3,34.9,65,6.7,7.9,6,52
Apr-03,ilorin,16.2,23.5,34.2,70,7.2,6.5,7,27.8
May-03,ilorin,14.1,23,32.2,79,7.1,4,5,141.4
Jun-03,ilorin,13.9,21.9,27.6,82,6.6,2.9,6,130.6
Jul-03,ilorin,12.3,21.3,28.8,86,5.1,2.8,6,146.5
Aug-03,ilorin,12.7,21.1,28.5,85,3.2,2.3,5,193.5
Sep-03,ilorin,16.6,20.8,29.3,86,3.9,2.2,5,234.8
Oct-03,ilorin,17.4,21.3,31.2,82,7.2,2.7,5,202.3
Nov-03,ilorin,16.4,18,32.2,60,7.8,4.4,3,25.4
Dec-03,ilorin,15.4,19.4,33.3,54,8.4,7.3,3,0
Jan-04,ilorin,17.1,20.1,33.1,57,6.5,7.6,3,39.3
Feb-04,ilorin,18.4,22,36.5,63,7.8,8.9,4,0
Mar-04,ilorin,18.1,23.8,36.3,69,7.2,7.5,6,19.8
Apr-04,ilorin,15.2,23.3,33.3,77,6.9,5,6,223
May-04,ilorin,16.1,22.2,31.5,79,7.8,3.3,8,156
Jun-04,ilorin,14.9,21.8,30.2,81,6,3.2,6,131.2
Jul-04,ilorin,10.6,21.8,28.2,84,5.5,2.5,5,89.6
Aug-04,ilorin,12.6,21.5,28.2,82,3.9,2.6,5,87
Sep-04,ilorin,14.5,21.8,29.6,83,4.4,2.5,4,260.6
Oct-04,ilorin,14.7,21.3,30.3,83,7.2,2.4,4,235.5
Nov-04,ilorin,18.6,19.4,33.1,63,8.2,6.7,4,0
Dec-04,ilorin,16.2,16.2,32.8,39,8.3,9.7,3,0
Jan-05,ilorin,15.9,17.7,33.5,37,6.8,10.6,4,0
Feb-05,ilorin,16.9,20.7,35.8,45,7.4,11,4,2.1
Mar-05,ilorin,17.2,23.2,35.5,72,6.7,7.3,6,33.3
Apr-05,ilorin,18.3,22.8,34.4,73,7.4,5.7,7,122
May-05,ilorin,15.3,22.7,31.5,81,6,3.5,6,209.6
Jun-05,ilorin,14.4,22.1,30.5,84,6.9,2.9,5,171.3
Jul-05,ilorin,12.7,21.7,28.7,85,4,2.4,7,218.7
Aug-05,ilorin,10.8,22.1,28.6,87,2.7,2.2,7,232.1
Sep-05,ilorin,13.5,21.8,29.5,85,5.1,2.4,4,188.5
Oct-05,ilorin,15.8,21.9,30.9,82,4.5,2.9,3,154.6
Nov-05,ilorin,15.8,19.1,32.4,84,7.6,5.6,3,46.8
Dec-05,ilorin,14.7,20.4,33.4,70,5.7,5.1,2,30.2
Jan-06,ilorin,16,21.2,34.5,76,3.7,7.2,3,0
Feb-06,ilorin,17.3,23.2,36,66,7.3,8.2,4,0.9
Mar-06,ilorin,16.8,23.4,35.8,69,4.4,7.3,5,61.4
Apr-06,ilorin,17.6,23.4,34.2,69,6.3,5.9,6,25.8
May-06,ilorin,15.1,22.2,31.9,77,6.5,4.3,5,143.2
Jun-06,ilorin,12.6,22.1,30.9,79,6.4,4.2,4,152.8
Jul-06,ilorin,10.7,21.7,29.3,80,4.3,3.1,5,104.2
Aug-06,ilorin,11,21.5,28.7,85,2.9,2.7,5,131.4
Sep-06,ilorin,14.5,21.5,29,85,4.1,2.4,5,262.7
Oct-06,ilorin,13.6,21.5,31,79,6.4,3.4,2,62.9
Nov-06,ilorin,17.3,16.6,33.3,56,7.1,8,2,0
Dec-06,ilorin,15.1,19.8,33.9,73,7.8,7.2,1,0
Jan-07,ilorin,14.6,20.1,33.1,64,6.1,8,2,0
Feb-07,ilorin,18.4,19.1,34.3,30,7.5,12.8,3,0
Mar-07,ilorin,18.1,23.1,36.1,61,7.3,8.1,3,50.7
Apr-07,ilorin,17.9,22.4,33.9,77,7,4.8,2,179.5
May-07,ilorin,14.7,22.5,32.2,80,6.8,3.2,3,216.9
Jun-07,ilorin,14.3,21.7,30.2,85,5.8,2.7,2,229.5
Jul-07,ilorin,11.9,21.3,28.4,83,4,3,3,102.9
Aug-07,ilorin,12,21.9,28,84,4.1,2.7,2,86
Sep-07,ilorin,14.8,21,29.3,84,5.1,2.6,2,334.8
Oct-07,ilorin,17.9,22,30.5,79,6.7,2.8,2,121.7
Nov-07,ilorin,16.8,22,32.8,78,8,4.5,2,0.8
Dec-07,ilorin,16.1,20.6,33.6,65,6.9,7,3.2,11.6
Jan-08,ilorin,14.8,18.9,34.1,43,5.4,10.1,4,0
Feb-08,ilorin,18.3,22.4,35.3,50,5.9,10.4,4,0.3
Mar-08,ilorin,16.4,24.1,34.2,54,8,10.2,4,19
Apr-08,ilorin,17.6,25,34.3,70,7,6.7,3,107.4
May-08,ilorin,15.3,25,32.4,80,7,3.5,5,169.2
Jun-08,ilorin,14.1,21.9,31.1,79,6.6,2.8,4,241.6
Jul-08,ilorin,12.8,22,28.7,86,4,2.4,3,209
Aug-08,ilorin,11.4,21.1,28.1,84,3.6,2.1,3,334.6
Sep-08,ilorin,13,21,30,83,4.9,2.6,3.2,338.1
Oct-08,ilorin,17.5,21.9,31.2,82,5.9,2.8,2.6,176.3
Nov-08,ilorin,16.4,21.7,35,72,8.4,6.6,2.6,0
Dec-08,ilorin,16.1,19.5,34.5,60,7.7,8.3,3.4,0
Jan-09,ilorin,14.2,21.3,33.5,62,6.3,8.2,3,0
Feb-09,ilorin,17.7,21.1,33.9,65,7.9,8.4,3,15.1
Mar-09,ilorin,17.7,23,35.1,73,7.4,5.5,3,68
Apr-09,ilorin,17,22.8,33.2,77,4.7,6.3,3,118.3
May-09,ilorin,14.3,21.9,30.9,82,7.1,4.5,4,171.3
Jun-09,ilorin,11.8,21.7,30.1,83,6.4,3.3,5,296.2
Jul-09,ilorin,11.9,20.7,29.3,86,4.2,2.9,3,179.4
Aug-09,ilorin,10.5,18.3,29,87,2.7,3.1,3,138.1
Sep-09,ilorin,13.9,17.7,28.9,86,5.6,2.3,3,268.9
Oct-09,ilorin,16.6,21.1,30.8,85,5.9,2.5,3,248.3
Nov-09,ilorin,17.2,21.6,33.8,78,7.9,5.6,3,35.7
Dec-09,ilorin,18.1,18.3,34.1,58,8.4,8.9,3.1,0
Jan-10,ilorin,14.9,21.7,34.4,65,8.3,7.9,4,34.8
Feb-10,ilorin,17.2,22.4,34.7,35,8.4,12.8,4,0
Mar-10,ilorin,18.2,25.3,36.9,61,7.4,10.4,4,19.6
Apr-10,ilorin,15.5,26.2,34.4,73,6.5,6.1,3,45.9
May-10,ilorin,15.1,25.9,33,76,5.9,5.5,2,105.6
Jun-10,ilorin,15.1,21.3,30.6,84,6.1,2.9,3,194.2
Jul-10,ilorin,13.3,212.6,29.7,82,4.9,3.1,4,81
Aug-10,ilorin,15.3,21.5,28.6,89,2.9,2.3,4,185
Sep-10,ilorin,14.2,21.7,30,87,5.5,2.5,4,281.7
Oct-10,ilorin,15.7,21.6,30.9,83,5.8,3.2,4,42.5
Nov-10,ilorin,14.9,18.8,35,72,7.7,6.7,3,0
Dec-10,ilorin,13.9,18.9,34.4,55,8.3,8.8,3.3,0
Jan-11,ilorin,14.1,18.4,34.2,50,6.5,3.5,4.2,0
Feb-11,ilorin,15.1,20.5,35.9,50,7.2,11.6,4.6,0
Mar-11,ilorin,15.3,23.7,37.2,70,7.9,8.7,5.1,13.8
Apr-11,ilorin,15.7,23,35.5,72,7.4,7.4,3.3,53.3
May-11,ilorin,15.8,22.9,33.2,77,5.4,4.5,5,145.1
Jun-11,ilorin,13,21.9,31,83,6.6,3.7,4.6,137.3
Jul-11,ilorin,11.8,21.8,29.7,86,4.8,3.2,4,85.1
Aug-11,ilorin,13.2,21.4,28.4,88,3.3,2.9,5,57
Sep-11,ilorin,14.3,20.9,29.7,87,4.8,2.8,4,173.6
Oct-11,ilorin,16.5,21.6,32.7,80,6.1,4.2,4,31.9
Nov-11,ilorin,18,22.4,35.5,70,8.6,7.3,3,0
Dec-11,ilorin,14.4,21.1,35.2,67,8.2,8.1,3.2,0
Jan-12,ilorin,15.1,18.1,32.3,39,6.3,10.8,8,7.2
Feb-12,ilorin,18.2,21.9,36.5,57,8.1,10.8,6,0
Mar-12,ilorin,16.9,24.6,36.7,70,7.8,7.9,6,28.4
Apr-12,ilorin,17.2,23.8,34,75,4.9,3.5,6,106.7
May-12,ilorin,16.2,23.5,33.5,74,6.5,5.5,5,45.8
Jun-12,ilorin,13.5,22.3,31.7,79,7,4.3,4.2,96.8
Jul-12,ilorin,11,22.3,29.5,86,5.2,2.7,5,160
Aug-12,ilorin,11.8,21.7,28.5,88,4.6,2.6,4,257.9
Sep-12,ilorin,12.6,21.8,29.8,84,5.2,2.8,3,93.3
Oct-12,ilorin,14.4,21.4,31.6,79,5.9,3.3,3,100.3
Nov-12,ilorin,16.2,21.4,34.1,76,7.9,6.4,3,5.9
Dec-12,ilorin,14.6,19,34,50,8.5,9.6,3.4,0
Jan-13,ilorin,14.3,20.9,34.8,61,6.9,8,5,0.1
Feb-13,ilorin,16.9,23.7,36.6,71,7.1,8.4,6,0.1
Mar-13,ilorin,17.2,24.2,37.1,64,6.9,9.5,7,25.3
Apr-13,ilorin,18.3,23.6,33.8,74,6.6,5.5,8,81.5
May-13,ilorin,17.5,23.6,33.1,75,6.6,5,6,98
Jun-13,ilorin,13.3,21.9,30.2,84,6.6,2.8,6,370.8
Jul-13,ilorin,12.8,21.5,29,85,4.3,2.8,2,94.2
Aug-13,ilorin,12.5,21.9,29,86,2.9,3,3,80.7
Sep-13,ilorin,14.5,21.3,29.3,86,4.1,2.1,2,105.2
Oct-13,ilorin,16.5,22,31.2,83,6.3,4.1,2,169.7
Nov-13,ilorin,17.1,21.2,32.2,75,7.7,5.7,1,8.1
Dec-13,ilorin,14.9,19.2,31.9,55,7.3,9.2,3,0
Jan-14,ilorin,12.3,20.1,36,58,7.2,8.8,2,0.1
Feb-14,ilorin,16,22.7,35.9,58,8.2,10,3.3,45.1
Mar-14,ilorin,16.7,23.7,36.6,62,6.7,9.4,3.4,77.5
Apr-14,ilorin,16.1,22.8,32,73,6.4,6.3,6.3,210.3
May-14,ilorin,16,22.7,30,81,6.7,3.9,5,310.4
Jun-14,ilorin,13.5,21.8,30,83,6.1,3.3,5.3,192.7
Jul-14,ilorin,10.1,21.5,29,86,2.6,2.6,5.6,156.8
Aug-14,ilorin,8.9,21.6,30,86,3.9,2.7,4.9,187.9
Sep-14,ilorin,13.7,21.7,31,86,3.7,2.6,4.4,104.1
Oct-14,ilorin,17.1,21.9,31.1,84,6.6,2.9,4,9.2
Nov-14,ilorin,18,21.9,34,76,8.3,5.2,4.4,0
Dec-14,ilorin,13.5,21.3,31.6,75,8.6,7,5.1,0
Jan-15,ilorin,10,19,34,42,8.2,11.1,3.6,0
Feb-15,ilorin,16,24,37,70,7.9,8.9,6.2,8
Mar-15,ilorin,17.8,24,36,71,7.1,7.4,6.2,60.1
Apr-15,ilorin,17.3,25,35,75,7.1,6.3,6.5,108.8
May-15,ilorin,15.3,23,31,81,6.9,3.4,4.5,255.7
Jun-15,ilorin,14.4,23,30,85,5.7,2.9,5.2,211.5
Jul-15,ilorin,12.7,22,29,86,4.7,2.6,5.6,133.8
Aug-15,ilorin,10.8,21,28,84,4,2.9,5.7,63.8
Sep-15,ilorin,12.2,22,30,88,3.9,2.4,4.1,271.5
Oct-15,ilorin,17,22,31,84,6.5,2.9,4.2,179.8
Nov-15,ilorin,17.7,21,34,73,6.6,6.9,3,1
Dec-15,ilorin,15.1,21,34,71,8.1,6.6,1.3,11.9
Jan-16,ilorin,14.1,23.2,33.1,80,7.8,5,3.8,0.6
Feb-16,ilorin,17,24.1,36.2,72,7.7,7.6,3.3,10
Mar-16,ilorin,18.9,23.4,34.4,74,6.5,6.1,6.2,79.4
Apr-16,ilorin,16.8,23.9,35.7,74,6.2,6.3,6.2,97.5
May-16,ilorin,15.9,22.2,31.2,82,5.7,3.4,5,192.4
Jun-16,ilorin,14.3,21.8,30.6,83,6.4,2.9,6,129.7
Jul-16,ilorin,11.8,21.7,29.4,86,4.3,2.7,6.1,195.4
Aug-16,ilorin,12.6,21.4,27.6,87,6.1,2.4,6.5,86
Sep-16,ilorin,16.4,21.6,29.7,87,5.6,2.5,2.9,262.1
Oct-16,ilorin,17.3,21.8,31.5,83,7.6,2.9,3.6,250.7
Nov-16,ilorin,17.4,18.4,33.6,55,7.6,7.9,2.7,0.1
Dec-16,ilorin,14.7,16.5,33.8,56,8,9.7,2.3,0
Jan-17,ilorin,14.5,20,34.4,69,6.9,7.8,3.2,0
Feb-17,ilorin,16.2,20.5,36.7,47,8.1,9.7,4.4,0
Mar-17,ilorin,16.1,23.3,35.2,57,8.1,7.2,6,31.6
Apr-17,ilorin,16.9,23.3,32.7,74,7.1,6,6.8,98.9
May-17,ilorin,14.5,22.2,32.6,78,7.1,3.3,6.1,285.2
Jun-17,ilorin,15.3,20.8,31.7,81,6.5,2.7,4.8,158.2
Jul-17,ilorin,12.3,21.1,29.8,85,4,1.7,4.9,158.2
Aug-17,ilorin,11,20.2,29.6,82,3.1,1.7,5.5,199.3
Sep-17,ilorin,17.4,20.8,30.1,85,4.3,1.9,3.3,134.1
Oct-17,ilorin,16,21,31.5,76,5.7,2.6,3.8,142.7
Nov-17,ilorin,17.3,19,33.6,68,6.9,4.6,3.5,152.9
Dec-17,ilorin,14.5,17,34.6,58,6.7,6.7,2.7,0.3
Jan-18,ilorin,14.3,18.1,35,51,7.7,8.7,2.3,0
Feb-18,ilorin,17.8,21.3,36.6,53,7.7,8.5,2.5,0
Mar-18,ilorin,15,22.8,36.1,67,8,6.8,5.7,20.5
Apr-18,ilorin,16.4,22.9,34.4,71,6.7,4.3,5.1,106.1
May-18,ilorin,15.3,22.6,32.2,80,7,3.6,4.4,42.3
Jun-18,ilorin,13.4,21.4,30.5,80,6.5,3.2,5.5,241.1
Jul-18,ilorin,12.7,20.9,29.4,85,5.1,2.4,5.7,318.6
Aug-18,ilorin,10.4,20.8,28.3,84,3.8,2.8,6.4,226.3
Sep-18,ilorin,15.8,20.4,28.9,86,5.1,2.2,4.5,272.3
Oct-18,ilorin,16.7,20.6,31.1,82,6.5,2.3,3.1,224.5
Nov-18,ilorin,16.9,19.4,31.6,80,7.5,4.9,2.7,4.8
Dec-18,ilorin,15.6,17.3,33.3,72,7.7,4,3.5,14
Jan-19,ilorin,14.4,18.1,32.7,77,6.9,9.9,2.4,11.1
Feb-19,ilorin,17.6,22,34.4,73,7.9,11.5,2.9,1.2
Mar-19,ilorin,17.5,22.8,35.5,69,7.9,12.4,6.5,17.9
Apr-19,ilorin,17.4,22.8,33.3,74,7.2,8.9,5.9,223.9
May-19,ilorin,16.9,22.4,31.2,80,6.9,4.2,4.6,76
Jun-19,ilorin,14.5,21.5,31.2,84,7,3,4.9,177.2
Jul-19,ilorin,12.7,21.7,29.6,84,5.5,1.9,6.7,313.4
Aug-19,ilorin,13.5,21.2,28.3,86,3.7,1.9,6.6,209.1
Sep-19,ilorin,18,21.2,30,85,4.5,2.6,5.5,185.7
Oct-19,ilorin,17,21.5,31.1,82,6.4,5,4.5,122.8
Nov-19,ilorin,16.7,17.6,33.9,67,7.7,10,3.9,4.4
Dec-19,ilorin,14.9,19.1,33.9,76,7.8,11.7,3.4,0
Jan-20,ilorin,13.5,19.6,33.7,65,6.4,7.6,3.8,8.2
Feb-20,ilorin,18.3,23.5,35.7,62,7.6,8.1,4.8,0
Mar-20,ilorin,16.4,23.5,36.1,68,6.9,6.2,5.4,90.9
Apr-20,ilorin,17.6,23.3,34.8,74,6.7,4.3,6.5,61.4
May-20,ilorin,16.1,22.6,32.8,82,8.1,3.2,6.2,110.3
Jun-20,ilorin,15.4,21.6,31.6,83,6.6,2.5,6,144.7
Jul-20,ilorin,12.3,21.7,29.6,85,3.3,2,6.8,165.8
Aug-20,ilorin,10.8,21.6,28.9,83,3.5,1.7,7,196.2
Sep-20,ilorin,14.2,21.7,29.7,86,3.9,1.6,5.6,238.1
Oct-20,ilorin,15.6,21.3,32,86,6.4,2.1,4.8,160
Nov-20,ilorin,16.4,17.8,34.6,79,7.8,4,5.1,17.5
Dec-20,ilorin,16.2,20.4,34,71,6.6,5.4,3.5,0
Jan-90,sokoto,16.8,26.4,33.8,15,8.4,16.7,8.2,0
Feb-90,sokoto,18,18.5,35,17,9,19.3,6.9,0
Mar-90,sokoto,18.9,20.9,38.8,18,8.3,17.2,5.6,0
Apr-90,sokoto,16.7,24.9,40.9,25,7.1,16.9,9.1,7.2
May-90,sokoto,17.3,26.4,39.5,50,8.9,15.5,10.7,59.3
Jun-90,sokoto,11.6,24.4,34.9,62,9,10.1,7.7,138
Jul-90,sokoto,10.9,23.1,31.4,76,7.3,5.9,6.4,106.4
Aug-90,sokoto,11.1,22.5,31.2,78,5,4.6,6.9,192.9
Sep-90,sokoto,16.3,23.1,34,69,8.7,5.5,7.5,40.8
Oct-90,sokoto,16.7,23,36.2,59,8.4,10.7,9.2,12.9
Nov-90,sokoto,12.7,20.7,35.5,29,8.2,17.7,12.1,0
Dec-90,sokoto,15.3,15.1,30.4,27,9.5,17.8,8.6,0
Jan-91,sokoto,17.8,13.2,29.9,24,8.4,23.5,12.9,0
Feb-91,sokoto,15.2,18.3,34.8,16,9.6,22.8,12.9,0
Mar-91,sokoto,14.5,23.5,38.7,18,8.7,22.5,8.9,0
Apr-91,sokoto,12.2,26.3,39.7,28,7.7,20.5,10.3,0.1
May-91,sokoto,16.5,24.5,37.5,57,9.6,13.3,9.2,84.6
Jun-91,sokoto,15.7,25.8,36.1,58,8.8,12.2,8.4,54.3
Jul-91,sokoto,13.2,22.9,31.3,76,8.3,7.1,7,208.4
Aug-91,sokoto,17.1,22.3,31.9,73,6.2,6.9,6,133.4
Sep-91,sokoto,18.8,21.8,33.1,71,8.1,6.5,5.1,76.2
Oct-91,sokoto,17.5,23.2,37.5,45,9.8,10.5,10.7,0.1
Nov-91,sokoto,14.3,20,33.5,19,9.9,22.9,9.9,0
Dec-91,sokoto,16.3,16.6,33.4,23,9.4,20.1,7.9,0
Jan-92,sokoto,18.9,16.2,31.6,20,8.6,18.4,9.4,0
Feb-92,sokoto,18.2,18.8,33.5,17,1,21.2,11.9,0
Mar-92,sokoto,17.9,24.6,38.1,15,7.7,22.1,7.3,0
Apr-92,sokoto,15.6,27.9,40.4,35,8.7,20.1,8,0
May-92,sokoto,16.5,25.1,39,50,8.6,15.9,9.4,6
Jun-92,sokoto,15.7,23.7,37,56,9.5,12.6,9.1,38.4
Jul-92,sokoto,13.2,21.3,33.9,69,9,6.6,6.7,161.2
Aug-92,sokoto,17.1,22.6,30.3,81,6.1,4.9,5.2,300.3
Sep-92,sokoto,18.8,24,33.8,70,8.6,5.9,4.7,52.1
Oct-92,sokoto,17.5,23.9,35.9,61,8.6,12.6,9.9,11.1
Nov-92,sokoto,14.3,19.9,33.6,20,9.9,21.1,8.9,0
Dec-92,sokoto,16.5,17.2,32.6,16,9.1,19.9,7.8,0.1
Jan-93,sokoto,15.1,16.3,31.4,21,8.2,18.3,11.2,0
Feb-93,sokoto,16.4,15.4,33.4,19,9.9,22.2,12.6,0
Mar-93,sokoto,17.3,19.1,38.3,15,9.3,21.6,7.7,0
Apr-93,sokoto,16,27,41,16,9,21.2,9.6,0.1
May-93,sokoto,18,28.9,40.7,45,8.4,15.7,9.5,44.7
Jun-93,sokoto,13.9,25.5,35.8,61,9.2,12.3,10.3,154.3
Jul-93,sokoto,15,28.2,33.1,72,7.8,5.4,8.8,229.4
Aug-93,sokoto,16.5,23.5,31.6,77,4.5,5.2,5.5,127.9
Sep-93,sokoto,14.5,23.5,33.2,71,7,6.2,9,62.2
Oct-93,sokoto,17.6,23.2,36.6,28,9.6,17.8,9.4,0.1
Nov-93,sokoto,14.3,20.6,35.8,19,9.5,18.4,10.6,0
Dec-93,sokoto,15.3,19.1,33.6,23,8.5,18.5,9.1,0
Jan-94,sokoto,14.9,16.3,30.7,18,9.2,18.5,12.5,0
Feb-94,sokoto,17,18.8,38.8,12,9.7,21.5,11.2,0
Mar-94,sokoto,18.7,24,39,14,9.5,21.3,7.2,0
Apr-94,sokoto,16.9,26.4,40.1,15,8,22.2,9.1,0.1
May-94,sokoto,16.5,27.3,40.2,42,8.3,15.5,9.8,28
Jun-94,sokoto,15.7,25.4,35.6,61,9,12.5,9.4,95.2
Jul-94,sokoto,13.2,24.1,33.4,67,8.5,8.8,8.9,100.6
Aug-94,sokoto,17.1,24.5,34,65,5.8,8.6,8.6,117.8
Sep-94,sokoto,18.8,23.6,33.4,70,7.7,6.8,8.2,125.4
Oct-94,sokoto,17.5,24.8,37.1,47,9.6,12.3,9.4,0
Nov-94,sokoto,14.3,21.4,35.9,17,9.5,20.1,11.8,0
Dec-94,sokoto,14.5,17.1,30.1,20,9.4,20.2,9.2,0.1
Jan-95,sokoto,15.8,19.2,33.2,21,9.5,19.4,11.3,0
Feb-95,sokoto,16.7,18.3,32.4,13,9.5,23.1,7.3,0
Mar-95,sokoto,19.8,25.8,38.2,19,8.5,23.1,7.9,0.1
Apr-95,sokoto,20.7,25.6,40.4,17,8.5,23.4,7.2,0.1
May-95,sokoto,18,27.7,39.4,47,8.3,17.4,11,27.9
Jun-95,sokoto,13.9,26.1,36.1,57,8.1,14.5,8,95.2
Jul-95,sokoto,15,23.5,32.5,72,8.8,8.3,6.3,96.7
Aug-95,sokoto,16.5,23.2,31.5,76,6.4,5.8,6.3,135.1
Sep-95,sokoto,14.5,23.2,32.9,71,6.9,6,6.9,71.7
Oct-95,sokoto,17.6,23.8,37.1,29,9.8,14.5,8.5,0
Nov-95,sokoto,14.3,21.3,36.3,16,9.9,21.5,11.3,0
Dec-95,sokoto,15.3,17.3,30,20,9.7,20.1,8.9,0
Jan-96,sokoto,18.9,16.7,31.5,19,8.4,2.1,10.6,0
Feb-96,sokoto,18.2,21.4,36.7,14,9,2.2,9.1,0
Mar-96,sokoto,17.9,25.3,38.9,20,8.3,2.1,6.1,0
Apr-96,sokoto,15.6,28.9,41.2,42,7.1,1.8,7.2,0.1
May-96,sokoto,17.3,28,39.2,46,9.3,1.5,8,24.5
Jun-96,sokoto,11.6,26.6,37.5,53,8.7,14.4,10.9,36.4
Jul-96,sokoto,10.9,23.6,32.2,72,8.1,7.7,9,151.3
Aug-96,sokoto,11.1,22.9,31.9,77,5.7,5.7,6.6,139.2
Sep-96,sokoto,16.3,22.6,32.1,74,7.4,5.5,5.7,124.4
Oct-96,sokoto,16.7,23.6,36.1,47,9.7,1.2,5.4,0.1
Nov-96,sokoto,12.7,21.6,35.1,27,9.9,1,7.1,0
Dec-96,sokoto,16.3,16.5,30,18,7.7,1.9,8.6,0
Jan-97,sokoto,19,20.9,33.1,14,8.5,19.6,11.1,0
Feb-97,sokoto,19.3,24,35.9,12,9.5,22,8.6,0
Mar-97,sokoto,17.3,26,37.9,22,8.3,21.9,9.8,31
Apr-97,sokoto,18.6,24.2,39.7,15,6.5,28.5,8.7,0
May-97,sokoto,17.5,24.8,41.3,37,8.5,20.7,8.3,4.5
Jun-97,sokoto,14.1,25.2,36.7,58,8.4,13.2,9.3,49.1
Jul-97,sokoto,16.1,23.6,35.5,68,7.3,10.9,9.4,56.8
Aug-97,sokoto,16.1,22.7,32.9,72,7.6,7.5,7.7,130.5
Sep-97,sokoto,18.3,22.2,34.9,67,8.9,8.4,6.4,62.8
Oct-97,sokoto,17.1,21.6,36.6,52,9.3,14.6,5.6,38.5
Nov-97,sokoto,16.7,16.7,35.9,17,1.6,21.6,8.2,0
Dec-97,sokoto,16.5,13.9,32.3,25,9.9,22.2,10.3,0
Jan-98,sokoto,19.3,17.7,30.9,13,9.3,23.9,11,0
Feb-98,sokoto,17.5,19.7,34.3,14,9.9,26.6,10.9,0
Mar-98,sokoto,18.3,25.3,38.8,39,9.1,29.7,9.5,0
Apr-98,sokoto,16.7,28.2,40.1,45,6.4,21.5,7.5,5.8
May-98,sokoto,16.3,28.9,40.3,63,9.6,19.7,8.2,0.1
Jun-98,sokoto,15.5,25.3,35.7,73,8.8,13,9.8,107.3
Jul-98,sokoto,12.5,23.9,32.2,83,8.1,8.3,9.2,168.3
Aug-98,sokoto,12.6,22.5,28.9,75,7.2,4.3,6.3,227.9
Sep-98,sokoto,13,22.9,31.9,36,8.2,4.9,5,188
Oct-98,sokoto,11.7,22.7,36.3,21,9.2,14.5,6.1,0
Nov-98,sokoto,9.5,20.4,35.5,21,9.3,19.5,7.3,0
Dec-98,sokoto,15.3,17.3,30.4,20,1,21.9,7.1,0
Jan-99,sokoto,12.9,15,28.5,18,8.5,23.9,12.1,0
Feb-99,sokoto,15.2,17.7,31.3,15,9.9,26.6,11.9,0
Mar-99,sokoto,14.5,23,37.4,13,9.3,29.7,7.7,0
Apr-99,sokoto,12.2,25.4,40.7,26,9,21.5,6.5,0.1
May-99,sokoto,12.5,26.6,38.8,50,8.4,19.7,8.3,26.7
Jun-99,sokoto,11,24.8,36.3,57,9.2,13,10.1,163.5
Jul-99,sokoto,11.6,23,32.3,74,7.8,8.3,9,126.5
Aug-99,sokoto,16.5,23,31.2,79,6.2,4.3,7.6,192.5
Sep-99,sokoto,14.5,23.2,32.9,73,8.1,4.9,6.7,60
Oct-99,sokoto,16.5,23.2,35.1,48,9.8,14.5,6.1,16.6
Nov-99,sokoto,14.3,20.5,35.5,19,9.9,19.5,7.1,0
Dec-99,sokoto,14.5,18,31.9,27,9.4,21.9,9.1,0
Jan-00,sokoto,18.9,19,33.5,20,9.5,19.6,8.3,0
Feb-00,sokoto,18.2,19,33,20,9.5,22.4,10.2,0
Mar-00,sokoto,17.9,21,35.6,12,8.5,25.5,11.2,0
Apr-00,sokoto,15.6,27.7,41,36,8.9,17.5,6.9,0.1
May-00,sokoto,17,26.5,38.7,52,8.4,14.7,10.4,53.2
Jun-00,sokoto,15.2,26.2,37.5,57,9.1,12.9,11.3,72.7
Jul-00,sokoto,16.3,22.9,31.6,76,8.2,5.6,8.7,347.4
Aug-00,sokoto,17,23.3,32.1,75,5.9,4.8,6.8,109.6
Sep-00,sokoto,18,23.9,34,69,7.9,6,6,71.3
Oct-00,sokoto,14.6,24,37.3,44,9.1,12.5,4.8,0
Nov-00,sokoto,15.4,21.3,36.6,24,9.4,15.2,5.5,0
Dec-00,sokoto,15.3,20.3,35,23,8.4,14.7,5.6,0
Jan-01,sokoto,15.1,17.6,31.9,17,9.9,18.8,9.2,0
Feb-01,sokoto,16.4,22.4,37.3,16,9.6,18.3,5.8,2.8
Mar-01,sokoto,17.3,24.9,38.1,21,9.4,20,6.9,10.2
Apr-01,sokoto,16,27.1,39.5,39,8.7,15.1,6.2,18.3
May-01,sokoto,16.5,26,35.3,65,7.1,9.1,7.3,141.4
Jun-01,sokoto,14.5,25.1,34.9,66,8.4,7.8,6.9,117
Jul-01,sokoto,14.1,22.8,31.4,78,9.1,4.7,6.5,172.6
Aug-01,sokoto,16,22.9,30.9,79,7.7,3.4,6.1,211.3
Sep-01,sokoto,16.9,23.6,33.6,74,8.6,4.7,5.2,85.8
Oct-01,sokoto,16.3,23.5,35.9,57,8.6,8.2,4.3,12.1
Nov-01,sokoto,18.5,20.5,35.5,18,7.3,17,7.2,0
Dec-01,sokoto,16.3,17.1,31.2,19,8.3,17.1,9.1,0
Jan-02,sokoto,15.1,16.5,29.1,22,8.3,16,10.1,0
Feb-02,sokoto,16.4,18.8,33,13,8.4,22.4,10.5,0
Mar-02,sokoto,18.2,23.9,32.9,17,7,18,4.7,0.1
Apr-02,sokoto,17.6,26.9,40.4,31,8,18.3,5.5,0
May-02,sokoto,14.9,26.7,37.9,55,8.8,12.7,7,38.9
Jun-02,sokoto,15.1,25.5,36.4,59,8.7,10.8,7.7,61.9
Jul-02,sokoto,14.9,22.8,31.7,59,7.1,5.3,5,150.9
Aug-02,sokoto,16.6,22.7,31.9,80,7.7,4.4,4.1,132.5
Sep-02,sokoto,17.1,23,32.5,72,8.2,4.7,2.8,164.8
Oct-02,sokoto,17.1,23.7,36.6,50,9.4,9.7,2.4,0
Nov-02,sokoto,15.3,20.5,34.3,22,9.3,12.6,5.5,0
Dec-02,sokoto,16.5,17,32.5,15,9.3,13.3,5.6,0
Jan-03,sokoto,17.2,15.8,28.9,20,5.7,16.6,8.4,0
Feb-03,sokoto,18.9,19.8,35.7,15,8.3,16.3,3.7,0
Mar-03,sokoto,17.1,23.8,38,19,8.8,19.4,5.4,0
Apr-03,sokoto,18.9,26.2,40.9,22,8.7,16.1,4.9,5
May-03,sokoto,16.3,27.9,40,48,8.4,15.7,6.9,54.8
Jun-03,sokoto,15.7,25.9,37,56,9.4,10.5,8.4,39.7
Jul-03,sokoto,17.1,23.4,33.1,71,6.9,6.3,6.4,204.7
Aug-03,sokoto,16.8,23.2,31.8,76,6,4.1,4.7,238.2
Sep-03,sokoto,16.7,22.7,33.1,71,8.8,4.8,4.5,99.8
Oct-03,sokoto,17.3,23.6,37.1,51,9.6,9.2,2.9,0
Nov-03,sokoto,13.7,20.5,35.6,22,9.8,12.5,6.2,0
Dec-03,sokoto,15.3,17.9,33.3,19,8.9,13.6,5.9,0
Jan-04,sokoto,16.7,17.2,32.3,21,9.2,15.1,7.2,0
Feb-04,sokoto,16.2,18.7,34,19,9.8,19.3,8.1,0
Mar-04,sokoto,16.8,24.4,40.3,14,7.9,19.8,5.8,0.1
Apr-04,sokoto,17.2,27.4,40.4,41,9,15.9,7.3,0.1
May-04,sokoto,16.2,27.7,39.6,45,8,14,7.6,0.1
Jun-04,sokoto,15.5,25.3,36.8,59,9.3,11,9.1,51.8
Jul-04,sokoto,15.1,23.6,32.8,75,7.7,5.9,6.9,163.7
Aug-04,sokoto,16.9,25.9,31.9,82,6.8,3.4,5.2,355.6
Sep-04,sokoto,18.3,23,32.3,76,7.2,3.5,4.1,185.5
Oct-04,sokoto,18,23.7,35.1,64,9.1,6.1,4.6,5.5
Nov-04,sokoto,13.2,19.7,35.2,27,8.9,13.4,7.1,0
Dec-04,sokoto,14.5,16.2,30.4,21,9.1,14.4,11.1,0
Jan-05,sokoto,18.6,14.9,30.2,20,9.7,14.9,9.7,0
Feb-05,sokoto,18.3,17,33.1,15,8.7,17,10,0
Mar-05,sokoto,18.1,24.5,39.8,15,9.4,19.1,8.1,0
Apr-05,sokoto,17.8,26.9,40.3,32,8.3,17.4,8.4,2.7
May-05,sokoto,17.3,27.7,39.8,47,8.2,13.4,8.9,17.8
Jun-05,sokoto,14.9,26.9,37.8,58,9.5,12.1,11.2,23.7
Jul-05,sokoto,15.7,23.8,34.5,68,8.4,8.2,9.8,200.5
Aug-05,sokoto,16.5,22.5,31.5,81,7.7,3.6,6.7,170.4
Sep-05,sokoto,17.5,23.1,32.9,74,8.4,4.4,6.5,92.3
Oct-05,sokoto,16.4,23.7,36.9,54,8,8.9,5.2,2.4
Nov-05,sokoto,14.8,19.9,35.6,24,9.9,14.8,7.3,0.1
Dec-05,sokoto,15.6,18.8,35.1,20,9.4,15.1,8.2,0
Jan-06,sokoto,16.8,17.5,35,22,8.3,14.8,7,0
Feb-06,sokoto,19.1,20.8,37.5,18,8.6,16.9,7.5,0
Mar-06,sokoto,18.1,24.4,39.8,14,4.9,19,7.6,0
Apr-06,sokoto,19.2,20.8,40.8,25,6.9,17.1,7.1,0
May-06,sokoto,19.3,26.4,38.9,56,9.4,13.4,9.4,49
Jun-06,sokoto,17.8,24.5,35,65,9.4,7.8,9.8,194.4
Jul-06,sokoto,17,23.7,33.6,70,7.9,6.3,9.5,160.5
Aug-06,sokoto,15.4,22.6,31.8,79,7.5,4,7.2,240.9
Sep-06,sokoto,17.5,22.8,32.5,75,8.2,3.9,6.6,7
Oct-06,sokoto,18.1,22.9,36.7,50,8.2,8.5,5.8,15.1
Nov-06,sokoto,17.9,18.5,34.5,22,10.1,13.9,8.2,0
Dec-06,sokoto,14.9,17,34.9,23,9.1,14.2,7.8,0
Jan-07,sokoto,14.9,16.9,34.2,19,10,14.6,8.2,0
Feb-07,sokoto,17,16.4,31.6,18,8.9,18.5,11.5,0
Mar-07,sokoto,18.7,22.5,36.9,18,8.7,10.3,8.7,2.8
Apr-07,sokoto,16.9,25.9,40.1,37,7.1,15.5,8.1,1.8
May-07,sokoto,18,26.1,36.8,58,9.7,9.7,8.3,141.3
Jun-07,sokoto,16.5,24.1,34.9,65,9,7.4,8.4,152.8
Jul-07,sokoto,15.7,23.7,33.4,73,6.6,5.5,8.3,112.8
Aug-07,sokoto,13.2,22.7,32.6,77,8.5,3.4,6.5,175.7
Sep-07,sokoto,17.1,23.6,34.1,69,8.1,4.7,6.5,42
Oct-07,sokoto,18.8,24.7,37.6,57,8.8,7.7,6.4,16.3
Nov-07,sokoto,17.5,21.4,38.4,28,8.8,12.3,4.4,0.1
Dec-07,sokoto,14.3,18,34.4,27,8.5,14.2,7.3,0
Jan-08,sokoto,15.8,17,32.5,22,8.7,14.6,9.1,0
Feb-08,sokoto,16.7,21.4,37,22,10.1,18.1,9.5,0
Mar-08,sokoto,19.8,21.9,36.9,17,7.5,20,9.9,0
Apr-08,sokoto,20.7,28.2,42.1,33,8.6,17.3,8.2,10
May-08,sokoto,19.3,29,40.1,48,7.8,13.7,9.8,6.9
Jun-08,sokoto,18,26.1,36.7,61,7.6,9.3,9.5,88.7
Jul-08,sokoto,13.9,24,32.6,73,7.6,5.6,9,180.6
Aug-08,sokoto,15,23,31.1,81,7.2,2.6,6.6,183.1
Sep-08,sokoto,16.5,23.4,31.9,77,7.8,4.4,5.6,374.9
Oct-08,sokoto,14.5,24.3,36.7,56,8.1,6.1,6,1.7
Nov-08,sokoto,17.6,21,37.5,22,8.9,11.6,4.7,0
Dec-08,sokoto,14.3,18.2,33.4,27,5.1,14.1,6.4,0
Jan-09,sokoto,15.4,16.8,33.5,20,9.4,14.9,6.8,0
Feb-09,sokoto,18,19.7,35.8,16,9.1,18.2,5.9,0
Mar-09,sokoto,19.4,23.9,41,17,9.3,19.5,6.2,0
Apr-09,sokoto,19.2,27.1,40.8,33,9.1,17.6,7.6,0.1
May-09,sokoto,18.3,27.1,39.7,49,7.9,11.7,8,45
Jun-09,sokoto,19.1,26.3,37.4,54,8.3,10.2,8.9,42.6
Jul-09,sokoto,14.6,23.3,32.5,75,7.8,4.9,8.5,162.9
Aug-09,sokoto,16.1,22.4,29.9,84,7.5,2.4,6.1,304.3
Sep-09,sokoto,17.2,22.4,31.8,77,7.9,2.9,5.3,126.4
Oct-09,sokoto,18.3,22.4,34.8,54,8.4,6.4,5.1,30.4
Nov-09,sokoto,17.8,20.8,36.3,24,8.3,11.1,6,0
Dec-09,sokoto,15.4,16.5,32.7,24,6.8,11.7,7.3,0
Jan-10,sokoto,16.1,18.9,33.1,25,8.8,13,7.7,0
Feb-10,sokoto,18.2,16.9,31.2,23,7.2,14.2,9.8,0
Mar-10,sokoto,18.3,21.5,37.1,11,7.6,17.3,9.2,0
Apr-10,sokoto,18.6,26.6,42.2,33,7.4,14.5,6.1,0
May-10,sokoto,15,27.9,40.6,40,7.3,13.4,8,26.5
Jun-10,sokoto,16.6,25.2,36.3,62,7.9,8.9,8.8,59.7
Jul-10,sokoto,12.8,23.5,32.3,75,7.3,4.8,8,361.6
Aug-10,sokoto,13.9,22.8,31.3,77,1.6,3.4,6.1,159.8
Sep-10,sokoto,17.3,23.3,32.9,69,8.2,4,5.9,63.8
Oct-10,sokoto,17.8,23,35.5,51,8.9,6.7,6.1,48.6
Nov-10,sokoto,16.4,19.5,36.9,20,7.9,11.4,7.1,0
Dec-10,sokoto,15.7,16.6,32.5,24,9.6,11,5.6,0
Jan-11,sokoto,14.1,15.4,32.5,18,9.3,12.1,7.8,0
Feb-11,sokoto,17.2,17.5,33.4,13,7.1,13.8,9.1,0
Mar-11,sokoto,17.7,22.4,39.5,13,7.2,16.3,7.5,0
Apr-11,sokoto,19,26.8,40.3,34,7.3,14.4,8.8,24.1
May-11,sokoto,16.9,27.5,38.7,53,6.9,10.8,8.5,60.5
Jun-11,sokoto,17.8,25.6,35.7,62,6.9,8.2,8.8,36.8
Jul-11,sokoto,14.5,24.1,33.2,72,7.5,4.9,7.6,360.8
Aug-11,sokoto,14.7,22.9,31.1,79,6.1,2.8,6.1,141.9
Sep-11,sokoto,15,28,32.9,73,8,3.6,6.1,107.5
Oct-11,sokoto,16.6,22.9,36.4,42,8.2,8.7,5.7,0
Nov-11,sokoto,14.9,20,36.5,27,7.9,11.3,8.2,0
Dec-11,sokoto,16.5,18.3,35.2,24,8.2,11.6,5.9,0
Jan-12,sokoto,15.5,17.8,34.5,19,5.7,12,7.9,0
Feb-12,sokoto,19.3,24.3,39.5,19,8.3,12.2,7.8,0
Mar-12,sokoto,18.3,27.8,40.8,40,8.8,15.3,7.6,33.3
Apr-12,sokoto,20.2,28.3,40.8,48,7.6,12.2,6.6,30.8
May-12,sokoto,19.1,26.2,37.1,58,8.4,11.7,8.2,67.4
Jun-12,sokoto,18.3,24,33.3,74,6.7,8.9,8.1,231.6
Jul-12,sokoto,15.8,23.1,31.6,79,7,4.7,7.7,183.1
Aug-12,sokoto,13.9,23.1,32.9,73,6.7,3,6,179.2
Sep-12,sokoto,16.8,22.2,34.4,59,7.5,3.3,5.3,43.3
Oct-12,sokoto,17.7,19.6,36.1,26,7.5,5.2,4.4,0
Nov-12,sokoto,14.5,16.9,34,22,9.4,9.9,7.3,0
Dec-12,sokoto,15.9,19.5,34.9,25,8.6,10.5,11.1,0
Jan-13,sokoto,15,20.4,37.3,17,6.9,10.2,6.8,0
Feb-13,sokoto,17.3,22.4,38.1,17,8.3,13.3,8.1,0
Mar-13,sokoto,20.2,26.9,40.6,44,8.3,15,7.5,9.2
Apr-13,sokoto,18.6,26.7,40.8,42,7.7,11.9,7.6,17.5
May-13,sokoto,17.7,25.5,35.9,60,8.3,12.1,8.6,71.3
Jun-13,sokoto,17,24,33.1,73,6.9,7.9,7.6,287.9
Jul-13,sokoto,15.2,22.9,30.7,80,7,4.5,6.1,288.7
Aug-13,sokoto,11.6,23.3,32.3,73,8.4,2.5,4.6,108.2
Sep-13,sokoto,15.9,23.9,36.6,58,7.2,3.3,5.9,7.4
Oct-13,sokoto,15.3,20.9,37.2,28,6.3,5.9,4.9,0
Nov-13,sokoto,16.2,16.7,33.2,22,8.2,10.8,7.1,0
Dec-13,sokoto,15.3,20.3,33.3,23,6.4,9.7,8.2,0
Jan-14,sokoto,15.7,20,37.3,19,7.5,18.3,9.4,0
Feb-14,sokoto,18.1,22,38.1,19,6.8,22.2,9.1,0.1
Mar-14,sokoto,19.3,27,40.6,47,3.7,21.6,6.6,0
Apr-14,sokoto,18.2,26,40.8,48,4.6,21.2,8.8,11.1
May-14,sokoto,18.4,25,35.9,64,7.6,12.4,8.7,114.1
Jun-14,sokoto,17.5,23,33.1,75,6.2,7.3,8.6,128.9
Jul-14,sokoto,16.1,23,30.7,81,8.3,4.1,7.7,296.5
Aug-14,sokoto,15,23,32.3,70,7.3,2.7,6.8,67.2
Sep-14,sokoto,16.2,23,36.6,55,7.5,4.1,6.7,0
Oct-14,sokoto,17.7,22,37.2,27,7.7,8.5,5.5,8.9
Nov-14,sokoto,16.5,19,33.2,20,9.9,17.6,7.9,0
Dec-14,sokoto,16.3,17.1,33.3,25,5.9,17.8,5.3,0
Jan-15,sokoto,17.3,16.6,31.1,18,8.2,16,8.7,0
Feb-15,sokoto,18.4,23.7,38.8,23,9.1,22.4,9.4,0
Mar-15,sokoto,18.8,26,41.3,15,6.7,18,7.1,0
Apr-15,sokoto,19.1,27.5,42,29,6.8,18.3,7.7,0
May-15,sokoto,19,27.2,38.8,54,7.5,12.7,8.6,104.5
Jun-15,sokoto,17.1,25.2,34.7,65,8.1,13,9.8,82.5
Jul-15,sokoto,16,23.5,32.9,74,6.9,8.3,8.5,146.7
Aug-15,sokoto,15.3,23.3,31.3,79,7.5,4.3,6.2,171.1
Sep-15,sokoto,17.2,23.4,33.5,73,8,4.9,6.6,124.3
Oct-15,sokoto,17.7,22.6,36.6,50,8.2,9.2,5.9,3.5
Nov-15,sokoto,17.2,20.5,35.1,25,8.3,12.5,7.8,0
Dec-15,sokoto,16.5,18.4,35.3,23,6.8,13.6,6.4,0
Jan-16,sokoto,16.3,20,36,24,8.7,11,10.5,0
Feb-16,sokoto,16.3,21.5,38.3,20,9.1,13,8.8,0
Mar-16,sokoto,17.4,23.6,40.2,16,9.4,14.9,7.3,0
Apr-16,sokoto,19.7,25.9,42,19,8.7,15.7,9.9,0
May-16,sokoto,17.7,26.8,39.4,51,7.1,11.4,9.9,19.4
Jun-16,sokoto,17.5,26.4,37.1,56,8.4,9.5,10,40.6
Jul-16,sokoto,16.1,24.6,34.5,67,9.1,6.1,7.4,153.7
Aug-16,sokoto,14.6,22.8,31.1,81,7.7,3,6.1,314.7
Sep-16,sokoto,17.3,23,31.9,75,8.6,3.1,5.4,181.3
Oct-16,sokoto,16.6,23.3,35.3,61,8.6,5.1,9.3,29.8
Nov-16,sokoto,16.4,19.3,32,24,7.9,9.9,11.4,0
Dec-16,sokoto,15.3,16.4,32.7,31,9.6,9.6,7.9,0
Jan-17,sokoto,15.3,19,36.8,13,1.5,17.7,11,0
Feb-17,sokoto,17.5,19.3,36.8,9,8.2,20.1,8.3,0
Mar-17,sokoto,18.4,22.2,38.8,13,1.9,19.7,6.4,0
Apr-17,sokoto,17.9,27.9,41.5,34,1.9,21.2,8.7,6.6
May-17,sokoto,18,27.6,39.8,41,1.8,15.9,9.5,45.6
Jun-17,sokoto,17.3,25.9,37.1,61,1.9,13.1,9.9,65.9
Jul-17,sokoto,14.6,24.2,33.2,76,1.4,7.6,11.2,183.4
Aug-17,sokoto,13.1,23,30.7,83,7.5,3.8,7.3,235.6
Sep-17,sokoto,14.9,22.2,31.2,72,8.2,5.1,5.6,99.1
Oct-17,sokoto,15.6,22.3,35.1,39,9.4,1.3,7.1,0.1
Nov-17,sokoto,17.5,28.4,36.8,17,7.9,17.6,9.1,0
Dec-17,sokoto,14.5,17.3,33.7,15,8.2,17.8,10.9,0
Jan-18,sokoto,16.1,15.3,31.4,20,8.8,18.3,10.4,0
Feb-18,sokoto,17,16.6,34.9,12,8,20.7,7.1,0
Mar-18,sokoto,19.7,21.3,38.1,13,7.6,20.6,7.9,0
Apr-18,sokoto,18.3,25.8,39.7,34,7.8,17.1,10.2,0.7
May-18,sokoto,17.5,25.1,37.4,50,5.5,15.2,9.7,41.3
Jun-18,sokoto,17.5,23.7,35.5,61,7.8,10.5,8.4,94.7
Jul-18,sokoto,14.7,21.3,30.7,74,6.3,8,7.6,152.2
Aug-18,sokoto,12.9,21.5,30.7,82,6.9,6.4,7.3,130.2
Sep-18,sokoto,15.3,21.7,31.5,75,8.8,6.9,6.4,93.9
Oct-18,sokoto,17.2,21.2,35.8,39,9.6,11.4,9.8,1.6
Nov-18,sokoto,16.7,16.7,34.9,42,8.2,17.2,6.5,0
Dec-18,sokoto,15.6,18,34.2,54,8.4,17.2,6.5,0
Jan-19,sokoto,14.9,16.3,32.1,12,5.5,17.2,7,0
Feb-19,sokoto,16.6,15.4,31.4,23,9.4,20.1,6.2,0
Mar-19,sokoto,18.5,19.1,35.4,11,5.3,20.4,6.6,0
Apr-19,sokoto,20.4,25.1,39.4,39,6.9,17.9,6.7,0
May-19,sokoto,19,26.3,39.8,49,7.2,15.5,6.7,24.8
Jun-19,sokoto,17.5,23.9,35.2,61,7.5,12.2,9.3,64.1
Jul-19,sokoto,15.5,22.4,31.2,72,6.5,9.5,9.5,114.6
Aug-19,sokoto,15.2,21.4,29.1,83,6.3,6.6,5.3,179.9
Sep-19,sokoto,15.7,21.3,32.2,75,6.7,5.5,6.1,98
Oct-19,sokoto,16.8,19.4,36.1,67,8.4,11.2,4.7,119.9
Nov-19,sokoto,16.9,16.1,34.6,33,7.7,16.7,7.9,0
Dec-19,sokoto,14.9,13.1,30.8,20,8.4,17.5,5.3,0
Jan-20,sokoto,16,12.8,31.5,20,6.7,15.6,9.6,0
Feb-20,sokoto,16.7,16.2,35,15,9.1,21.2,7.7,0
Mar-20,sokoto,19.5,21.3,40.1,23,6.8,19.9,5.8,0
Apr-20,sokoto,19.2,26,40.2,34,8.7,20.5,4.8,0.4
May-20,sokoto,17.9,25.6,39.2,52,9,15.7,6.7,128.7
Jun-20,sokoto,16.2,23.7,35,66,7.6,12.3,8.8,126.1
Jul-20,sokoto,16,23.7,32.1,76,7,7.9,9.1,322.8
Aug-20,sokoto,13.7,22.5,29.6,85,6.7,5.9,7.1,357.6
Sep-20,sokoto,16.4,21.3,31.5,77,8.5,6.6,6.8,88.2
Oct-20,sokoto,17.8,21.3,35.4,52,9.2,10.2,3.8,122.9
Nov-20,sokoto,17.3,20.1,37.4,27,8.8,11.2,6,0
Dec-20,sokoto,16.7,16.8,34.5,30,8.5,16.5,8.2,0
Jan-90,enugu,12.7,21.1,33.9,50,7.6,7.2,4,0
Feb-90,enugu,14.8,23.9,34.7,70,6.8,7.1,4,33.5
Mar-90,enugu,17.2,23.7,33.5,71,6.7,6.6,6,21.8
Apr-90,enugu,13.6,23.8,34.2,76,5.1,5.2,6,151.9
May-90,enugu,13.1,22.9,32.1,78,6.8,3,5,238
Jun-90,enugu,12.1,22.7,31.4,82,5.6,2.9,5,221.2
Jul-90,enugu,9.9,22.2,29.9,80,3.4,2.4,5,238.5
Aug-90,enugu,10.3,22.1,29.7,81,3.8,2.3,5,108.7
Sep-90,enugu,11.7,21.9,29.6,85,3.8,2.6,4,225
Oct-90,enugu,13.9,21.8,29.8,79,5.7,2.4,4,154.2
Nov-90,enugu,13.5,21.7,31.6,65,7.9,3.6,4,56.1
Dec-90,enugu,12,20.3,31.8,69,8.1,7.3,4,0
Jan-91,enugu,14.4,19.4,32.2,59,7.8,8.8,6,6.4
Feb-91,enugu,14.4,22.1,35.4,73,6.1,9,5,109.5
Mar-91,enugu,14.5,23.9,34.9,76,5.2,7,6,72.6
Apr-91,enugu,13.2,23.1,34.6,70,6.1,6,7,134.9
May-91,enugu,12.4,22.2,30.9,79,6.3,4.1,5,301.8
Jun-91,enugu,12.8,22.9,30.5,82,5.4,2.9,6,153.9
Jul-91,enugu,10.3,21.8,29.1,82,4.4,2.3,5,227.1
Aug-91,enugu,10.3,21.9,29.4,87,2.9,2.4,5,213.6
Sep-91,enugu,12,22.2,30.2,81,4.7,2.3,6,253.2
Oct-91,enugu,12.5,21.9,31.3,81,4.7,2.6,48,301.8
Nov-91,enugu,14.6,20.3,32.1,78,6.3,6.1,0,32.3
Dec-91,enugu,13.2,20.3,34.2,49,7.2,5.1,0,36.3
Jan-92,enugu,13.4,22.2,34.2,47,6.9,6.9,5,22.1
Feb-92,enugu,16.4,22.9,34.3,62,5.2,8.2,6,3.1
Mar-92,enugu,12.5,23.7,33.9,69,5.5,6.1,5.8,54.8
Apr-92,enugu,13.3,23.6,34.2,74,5.9,5,6,29.7
May-92,enugu,13.5,23.1,31.9,81,5.4,3.1,4.7,205.6
Jun-92,enugu,11.1,23.2,29.8,82,5.6,2.7,5,321.4
Jul-92,enugu,9.6,22.2,29.6,84,3.2,2.4,6,158.5
Aug-92,enugu,8.9,22.9,29.7,84,3.5,2.8,7,182.9
Sep-92,enugu,11.8,21.8,28.9,84,4.4,2.3,5,298.6
Oct-92,enugu,12.9,21.9,31.2,82,4.6,2.6,5,267.1
Nov-92,enugu,14.8,21.7,32.3,61,6.6,4.8,5,0
Dec-92,enugu,14.8,20.3,33.3,69,6.6,5.2,5,2
Jan-93,enugu,13.2,19.2,32.2,63,5.5,14.4,11,1.8
Feb-93,enugu,16.4,23.1,35.8,59,6.9,9.7,7,2
Mar-93,enugu,14.7,23.8,36.5,68,5.7,10.7,6,102.3
Apr-93,enugu,13.1,25.5,36.7,73,6.5,7.8,8,236.4
May-93,enugu,12.9,23.6,30.3,80,5.7,4.2,7,239.5
Jun-93,enugu,12.3,22.8,30.2,82,5.7,2.9,7,489.6
Jul-93,enugu,10.2,21.9,29.4,84,3.4,7.7,7,87
Aug-93,enugu,9.6,21.7,29.8,80,3.2,2.4,7,183.8
Sep-93,enugu,13,22.6,31.5,84,3.9,2.3,6,364.6
Oct-93,enugu,13.5,22.8,33.7,83,5.8,3.1,5,260.4
Nov-93,enugu,13.2,23.1,33.2,64,6.7,4.1,5,15.4
Dec-93,enugu,13.4,22.1,32.9,69,7.9,5.5,5,0.3
Jan-94,enugu,12.3,20.1,34.4,18,6.5,9.7,6,0
Feb-94,enugu,14.3,23.9,35.9,56,5.4,8.9,6,24.2
Mar-94,enugu,14.3,24.8,34.8,57,6.2,7,8,56.7
Apr-94,enugu,13.7,23.7,32.7,65,6.7,5,7,76
May-94,enugu,13.8,22.9,31.9,77,5.7,3.9,5,314.1
Jun-94,enugu,12.7,21.9,31,81,4.9,3.1,6,228.7
Jul-94,enugu,10.1,21.7,29.5,83,3.7,2.6,5,228.6
Aug-94,enugu,8.1,21.8,29.8,83,2.5,2.5,6,316.7
Sep-94,enugu,10.4,21.1,29.9,82,3,2.6,5,594.6
Oct-94,enugu,12.9,22.3,30.6,77,5.1,2.8,5,176.8
Nov-94,enugu,15.8,22.1,31.8,71,6.5,3.9,4,74.4
Dec-94,enugu,14.4,20.2,32.2,66,7.1,7.6,6,0
Jan-95,enugu,13.3,23.1,34.2,51,4.4,5.8,5,4.3
Feb-95,enugu,15.5,21.3,35.4,62,6.8,11.3,5,1.6
Mar-95,enugu,13,23.9,34.2,67,4.9,6.4,6,30.9
Apr-95,enugu,13.3,23.5,32.1,73,6.4,3.9,6,85.8
May-95,enugu,13.5,22.7,32.3,78,5.8,3.5,7,194.6
Jun-95,enugu,12.8,22.9,30.3,80,4,2.8,6,219.2
Jul-95,enugu,8.9,21.7,30.2,83,3.6,2.2,5,270.6
Aug-95,enugu,8.7,21.6,29.6,83,2.6,2.2,5,185.7
Sep-95,enugu,12.5,21.5,29.9,82,4.3,2.3,4,395.9
Oct-95,enugu,13.4,22.2,31.2,79,5.2,2.9,5,315.6
Nov-95,enugu,16,23.1,33.3,71,6.8,3.5,4,0
Dec-95,enugu,13.7,20.3,32.4,53,7.1,7.8,6,0
Jan-96,enugu,13.2,22.2,34.4,73,4.9,7,5,27
Feb-96,enugu,12.6,23.9,35.8,53,6,6.5,6,57.3
Mar-96,enugu,12.3,23.7,33.2,71,4.8,5.5,7,49.3
Apr-96,enugu,13.4,23.8,34.3,78,5.2,4.8,7,115.8
May-96,enugu,14.8,22.6,32.1,78,6.2,3.4,6,315.5
Jun-96,enugu,11.7,22.8,31.4,81,6.3,3,6,216.2
Jul-96,enugu,9.2,21.8,29.4,83,5.4,2.6,7,265.3
Aug-96,enugu,8.6,21.8,29.2,84,4.8,2.7,7,92.3
Sep-96,enugu,10.8,21.9,29.9,83,4.4,2.6,6,218.1
Oct-96,enugu,13.7,22.6,30.9,79,5.5,2.8,6,209.8
Nov-96,enugu,16.4,22.1,32.1,79,6.4,3.6,5,0
Dec-96,enugu,14.3,19.3,32.3,49,6.2,8.3,7,0
Jan-97,enugu,12.8,21.3,34.4,56,5.6,7.7,6,0
Feb-97,enugu,15.3,23.4,34.9,72,4.9,6.3,6,0
Mar-97,enugu,11.7,23.6,35.2,67,5.2,6.4,7,4
Apr-97,enugu,11.6,24.6,35.4,73,5.6,5.6,7,3.3
May-97,enugu,13.6,23.7,33.9,76,6.1,4.7,8,186
Jun-97,enugu,12.5,22.6,30.8,80,4.8,3.1,6,101.1
Jul-97,enugu,10.8,22.9,31.2,81,4,2.8,6,251.4
Aug-97,enugu,9.5,22.7,29.9,84,4.6,2.2,6,92.2
Sep-97,enugu,12.5,22.5,31.2,83,4.5,2.4,5,248.2
Oct-97,enugu,13.7,22.6,32.1,78,6,2.7,5,24.2
Nov-97,enugu,14.7,23.1,34.4,71,6.8,4.8,5,0
Dec-97,enugu,13.8,20.2,34.2,63,5.3,7,6,2.7
Jan-98,enugu,12.7,22.3,34.2,52,5.8,8,6,0
Feb-98,enugu,14.2,24.9,36.9,67,6.2,7.8,6,0
Mar-98,enugu,13.7,24.7,35.2,72,5.5,5.8,8,16.1
Apr-98,enugu,12.7,24.6,34.3,72,6.5,4.9,8,137.9
May-98,enugu,13.3,22.5,32.4,79,6.3,3.4,6,130.6
Jun-98,enugu,12.8,22.7,30.8,79,5.4,2.7,6,350.5
Jul-98,enugu,10.4,21.9,29.9,81,2.7,2.3,6,305.6
Aug-98,enugu,9.7,22.7,29.7,81,3.9,2.7,7,385.8
Sep-98,enugu,11,21.6,30.3,84,4.3,2.1,6,309.5
Oct-98,enugu,13.5,21.9,31.1,82,5.9,2.4,5,122.5
Nov-98,enugu,15.1,22.1,33.2,75,7.1,3.7,46,20.9
Dec-98,enugu,13.1,21.2,32.4,60,5.5,5.2,6,0
Jan-99,enugu,12.2,17.2,33.3,26,5.7,11,9,16.6
Feb-99,enugu,12.8,21.3,35.2,39,4.9,11.7,8,0
Mar-99,enugu,13.3,24.6,35.9,67,5.4,7,8,206.1
Apr-99,enugu,12.9,23.5,33.8,72,6.1,5.7,8,127.8
May-99,enugu,13.3,22.6,31.1,79,6.2,2.8,6,291.7
Jun-99,enugu,12.4,22.7,31.4,82,5.1,2.5,5,202.8
Jul-99,enugu,10.6,21.9,29.9,84,5.3,2.1,4,193.5
Aug-99,enugu,11.4,21.5,29.4,87,4.3,1.7,5,462.6
Sep-99,enugu,11.6,21.6,29.8,83,4.7,2.2,5,259.4
Oct-99,enugu,12,21.7,30.5,82,6.1,2.4,5,157.8
Nov-99,enugu,13.8,22.2,33.3,74,7.6,4.1,4,12.6
Dec-99,enugu,14.9,19.3,33.2,56,7.6,6.7,5,0.1
Jan-00,enugu,12.8,22.7,33.9,66,4,6.4,5.4,2.1
Feb-00,enugu,14.4,22.2,35.3,50,6.9,9.9,6.8,9.8
Mar-00,enugu,14.7,24.2,37.5,53,5.2,10.9,6.2,127.1
Apr-00,enugu,13.5,24.2,34.4,73,6.2,5.3,7.5,97.8
May-00,enugu,13.2,23.7,32.1,78,6.2,3.5,6.7,238.9
Jun-00,enugu,12.4,22.5,30.7,81,5.3,2.6,6.7,141.9
Jul-00,enugu,10.2,22.5,29,86,3.5,2.4,6.1,270.4
Aug-00,enugu,9.6,22.8,29.3,83,2.9,1.8,6.1,198.8
Sep-00,enugu,12.4,22.6,29.8,84,3.8,1.9,6.1,206.3
Oct-00,enugu,13.1,22.7,30.7,81,5.7,2.5,5.5,101.6
Nov-00,enugu,14.3,23.6,32.2,76,8.5,3.3,4.5,55.9
Dec-00,enugu,13.6,23.1,32.1,75,5.1,3.9,4.5,0
Jan-01,enugu,13.7,21.4,33.5,55,8,7.2,6.1,0
Feb-01,enugu,14.8,25,35.3,71,6.9,6.4,6.7,0
Mar-01,enugu,13.6,25.2,34.5,73,6.2,5.5,6.9,33
Apr-01,enugu,13.6,23.9,32,80,6.8,3.1,6.1,148.7
May-01,enugu,13.5,23.9,31.2,83,5.8,2.3,5.1,173.6
Jun-01,enugu,12.4,23.6,31.1,83,4.5,2.2,5.9,200.5
Jul-01,enugu,9.4,22.9,29.3,86,3.7,1.8,5,245.1
Aug-01,enugu,7.9,22.6,29.2,86,2.8,1.7,5.9,292.3
Sep-01,enugu,11.1,22.1,30.2,84,4,2.2,4.7,222.7
Oct-01,enugu,13.5,21.9,30.3,80,5.5,2.5,4.6,135.7
Nov-01,enugu,13.9,22.3,32.4,78,7.9,3.4,3.4,0
Dec-01,enugu,13.8,19.3,32.1,50,7.4,7.2,6.1,0
Jan-02,enugu,12.5,19.8,32.5,42,5.6,9.6,7.2,7.1
Feb-02,enugu,14,21,35.9,49,5.8,11.3,5.9,0
Mar-02,enugu,12.2,24.8,34.4,73,7.3,5.7,5.1,46.4
Apr-02,enugu,11.9,24.5,33.2,78,6.2,4.2,4.6,95.3
May-02,enugu,13.2,23.3,31.9,80,5.5,3.1,4.2,154.9
Jun-02,enugu,12.1,22.5,29.8,82,5.3,2.4,4.5,220.3
Jul-02,enugu,10.8,22.4,29.3,84,3,2.1,5.6,219.3
Aug-02,enugu,9.3,22.5,28.8,83,3.1,2.3,7.1,226.4
Sep-02,enugu,11.4,22.4,30,85,3.8,2.1,5.2,285.2
Oct-02,enugu,12.8,22.5,30.8,82,6,2.7,4.8,206.1
Nov-02,enugu,14.4,21.1,31.6,67,6.1,4.3,5.6,0
Dec-02,enugu,13.6,19.3,38.3,59,5.6,6.5,5.8,0
Jan-03,enugu,11.9,20.4,33.3,42,5.8,9.7,6.7,0
Feb-03,enugu,12.5,21.5,35.4,52,6.3,9.2,5.2,0
Mar-03,enugu,12.7,23.9,34.3,67,5.7,7.3,7.1,4.4
Apr-03,enugu,12.1,24,33.3,76,5.6,4.7,6.7,167.9
May-03,enugu,12.4,23.6,32.1,79,4.8,3.4,5.3,278.7
Jun-03,enugu,11.1,22.8,30.7,81,5.3,2.8,5.2,182.6
Jul-03,enugu,11,22.8,29.6,83,3,2.6,6.2,162.2
Aug-03,enugu,10.7,22.5,29.1,87,2.6,1.9,5.4,413.4
Sep-03,enugu,11.2,22.5,30.3,85,3.5,2.3,4.6,217.4
Oct-03,enugu,13.9,22.5,31.1,82,4.8,2.5,4.6,217.1
Nov-03,enugu,14.9,22.8,32.4,75,6.7,3.1,4.6,0
Dec-03,enugu,13.6,20,31.9,88,6.4,6,5.9,0
Jan-04,enugu,13.5,21.4,32.6,60,5.2,7,6.1,0.5
Feb-04,enugu,14.5,23,35.1,66,7,7.4,3.9,0.5
Mar-04,enugu,15.7,25.1,35.7,68,3.2,7.2,7,0
Apr-04,enugu,15.2,23.7,33.3,76,5.4,4.6,5.9,181.5
May-04,enugu,12.2,23,31.7,82,4.9,2.8,4.9,89.7
Jun-04,enugu,13.7,22.7,30.9,84,3.9,2.7,5.3,279.4
Jul-04,enugu,10.8,22.7,29.6,85,3.1,2.2,5.8,508.3
Aug-04,enugu,9.7,21.9,28.2,88,2.5,1.7,6,359.1
Sep-04,enugu,11.1,22.7,30,86,3.3,2.2,5.1,317.5
Oct-04,enugu,13.5,22.4,30.9,83,4.9,2.3,4.2,318.8
Nov-04,enugu,15.1,21.1,32.7,69,7.2,4.8,4.9,2.3
Dec-04,enugu,13.1,17.8,32.8,36,8.2,9.4,7.2,25.8
Jan-05,enugu,13.2,19.8,33.6,41,5.9,8.9,5.8,0
Feb-05,enugu,14.3,22.1,35.5,62,6.2,8.3,4.8,37.6
Mar-05,enugu,15,24.9,35,72,6,6.3,6.3,63.4
Apr-05,enugu,15.2,24.3,33.9,75,5.8,4.5,5.6,197.1
May-05,enugu,16,22.7,31.6,82,6.1,0.7,4.7,346.4
Jun-05,enugu,14.2,22.6,30.5,84,5.2,2.3,5.4,244.8
Jul-05,enugu,10.2,22.8,29.5,85,3.5,2.1,5.4,320.2
Aug-05,enugu,10.6,22.6,29.4,89,2.6,1.8,4.6,264.5
Sep-05,enugu,13.5,22.7,30.6,84,4.6,2.3,4.7,230.5
Oct-05,enugu,13.3,22.1,30.8,82,5.9,7.1,4.5,253.5
Nov-05,enugu,16.8,20.3,32.2,64,6.4,4.8,5.5,2.5
Dec-05,enugu,14.5,20.4,33.5,68,6.4,5.5,4.5,0.7
Jan-06,enugu,12.9,21.7,34.4,74,5.6,5.6,4.7,0.1
Feb-06,enugu,17.4,24.6,35,70,5.1,6.1,5.9,0
Mar-06,enugu,14.3,24.5,34.4,74,6.7,5.6,6.5,111.5
Apr-06,enugu,14.9,23.8,32.8,77,6.1,4.4,6.2,200.9
May-06,enugu,16.5,23.4,31,80,6.2,3.2,6.3,194
Jun-06,enugu,14.1,23.1,31.2,82,4.8,2.7,5.6,354
Jul-06,enugu,10.5,22,29.7,85,2.7,2.3,5.8,313
Aug-06,enugu,9.7,22.5,29.3,86,2.6,2.1,5.5,149.3
Sep-06,enugu,12.6,22.9,30.4,82,3.5,2.4,5.4,249.7
Oct-06,enugu,14.8,22.3,30.7,82,5.6,2.7,5,105.3
Nov-06,enugu,16.2,19.7,32.4,61,8.3,5.8,5.6,28.8
Dec-06,enugu,14.5,20.4,33.5,70,7.8,5.6,4.1,0.1
Jan-07,enugu,15,22.4,33.3,64,6.6,7,5.1,0
Feb-07,enugu,17.3,20,36.1,31,5.9,13,7.8,5.1
Mar-07,enugu,16.1,23.1,35,68,6.5,6.4,5.6,62.8
Apr-07,enugu,15.2,23,32.7,81,6.3,3.3,5.6,148.9
May-07,enugu,14.4,22.8,31.6,80,7.1,2.8,4.3,109.9
Jun-07,enugu,13.3,22.8,29.4,82,5.4,0,5.2,263.7
Jul-07,enugu,12.9,23,29,81,5.3,0,6.5,186.7
Aug-07,enugu,12.9,22.9,29.2,85,4.8,2,5.6,389.8
Sep-07,enugu,15.3,22.8,29.8,85,4.3,2.4,5.4,243.5
Oct-07,enugu,14.6,21.9,31.4,82,5.2,2.3,4.7,72.9
Nov-07,enugu,14,21.7,33,80,6.8,2.8,3.9,82.9
Dec-07,enugu,14.5,20.3,33.4,62,7.1,5.1,5,11.6
Jan-08,enugu,13.9,21,33,43,7.5,8.2,7.2,33.8
Feb-08,enugu,15.4,24.5,36.9,57,6.6,8.1,5.9,0
Mar-08,enugu,16.6,24.9,36.4,59,5.7,8.7,6.4,9.7
Apr-08,enugu,14.7,26,35,75,6.2,4.9,6.9,144.5
May-08,enugu,15.3,25,33,79,7,3.2,5.8,211.2
Jun-08,enugu,14.1,23,32,83,5.1,2.6,5.2,140
Jul-08,enugu,12.5,23.1,30.3,81,3.5,2.4,6.4,216
Aug-08,enugu,11.3,23.2,29.6,81,4.6,2.6,0.7,187.2
Sep-08,enugu,13.1,23,30,85,4.4,2.3,5.7,331.9
Oct-08,enugu,14.7,23,31,83,5.5,2.5,4.6,181.6
Nov-08,enugu,16.7,23.5,33.9,78,6.4,3.9,3.8,0.1
Dec-08,enugu,15,20.9,33.5,59,6.2,6.1,5.3,0
Jan-09,enugu,13.9,22.2,33.9,64,7.2,6.4,5.9,1.6
Feb-09,enugu,17.2,24.9,34.6,72,6.4,5.3,6,0.1
Mar-09,enugu,15.6,21.6,35,73,5.9,6.1,8,90.2
Apr-09,enugu,14.6,24.3,33.6,74,6.1,4.6,6.4,194.1
May-09,enugu,16,23,32,82,6.9,3.1,5.8,263.9
Jun-09,enugu,12.7,23,31,82,5.3,2.7,5.2,356.7
Jul-09,enugu,11.6,22.5,30.1,86,3.7,2.4,5.9,340.2
Aug-09,enugu,11.6,22.7,30.1,83,3.9,2.5,6,432.1
Sep-09,enugu,13.6,22.3,30,84,4.5,2.3,5.1,192.4
Oct-09,enugu,14.6,22.4,30.3,83,6,2.3,4.6,261.7
Nov-09,enugu,16.2,23,32.9,78,6.8,3.3,3.7,35
Dec-09,enugu,15.8,19.1,33.3,58,5.3,6.7,5.7,0
Jan-10,enugu,15.1,22.6,34.3,65,7.1,6.6,5.6,0.1
Feb-10,enugu,14.8,21.4,34.3,43,6.5,10.5,6.8,26.7
Mar-10,enugu,13.5,23.4,36,62,6.4,8.7,6.6,48.6
Apr-10,enugu,15.1,24,34,75,6.8,5.2,7.4,160.9
May-10,enugu,15.2,23.8,32.6,80,6.5,3.3,5.7,277.2
Jun-10,enugu,12.7,22.5,31.1,83,4.5,2.5,5.4,289.6
Jul-10,enugu,12.3,22.8,30.1,84,3,2.2,6,368.3
Aug-10,enugu,11.9,21.9,29.3,86,4.3,2,6.1,268.4
Sep-10,enugu,12.5,22.9,30.4,84,4.3,2.3,5.6,176.3
Oct-10,enugu,15.2,22.7,31,83,5.9,2.4,4.5,303.4
Nov-10,enugu,17,23.4,33.4,74,7.1,3.6,4.3,0
Dec-10,enugu,16.4,19.8,33.3,52,5.5,7.1,6.3,0
Jan-11,enugu,14.6,19.4,34.2,50,7.4,8.5,5.9,0.1
Feb-11,enugu,17.1,21.8,35.5,49,6.3,10.2,6.6,0
Mar-11,enugu,14.5,24.6,34.6,73,6.5,5.6,6.7,111.6
Apr-11,enugu,14.5,23.9,33.3,77,7,4,6.5,261.3
May-11,enugu,14.9,23,32,81,6.5,2.9,5.7,376.1
Jun-11,enugu,13.6,23,31,80,5.3,2.6,5.5,344.9
Jul-11,enugu,12.8,21.9,29.8,83,3,2.4,5.8,226.8
Aug-11,enugu,12,21.7,28.8,85,2.9,2.1,6.3,235
Sep-11,enugu,14.5,22.6,30,85,4.3,2.2,5.5,392.3
Oct-11,enugu,15.9,22.3,31.4,81,5.6,2.8,4.4,242.2
Nov-11,enugu,15.6,22.1,34.1,73,7.4,4.5,4,68.1
Dec-11,enugu,15.7,20.2,34.6,67,8,6.1,4.8,4.1
Jan-12,enugu,15.5,18.3,33.8,36,5.6,11,7.2,0
Feb-12,enugu,17.3,21.2,35.7,59,6.7,8.3,6.3,6.1
Mar-12,enugu,16.1,22.6,35,74,4.8,5.8,7,25.8
Apr-12,enugu,15.4,22.9,33.3,77,5.3,4.2,6.8,161.1
May-12,enugu,16.1,22.7,32.8,79,6.3,3.3,5.7,188.7
Jun-12,enugu,14.7,22.1,31.1,84,5.3,2.5,5.5,285.9
Jul-12,enugu,12,21.9,30.5,85,4.6,2.2,5.3,259.2
Aug-12,enugu,11.3,22.2,29.7,84,3.6,2.1,5.7,96.2
Sep-12,enugu,13.7,21.4,30,81,4.9,2.2,5.2,256.6
Oct-12,enugu,15.3,21.9,30.8,84,5.6,2.1,4,217.4
Nov-12,enugu,17.8,20.1,33,76,7.2,3.6,4,0
Dec-12,enugu,16.7,21.6,34.1,48,7.1,7.5,6,0
Jan-13,enugu,15.5,20,34.6,61,4.4,6.5,5,0
Feb-13,enugu,16.2,18.9,36.1,69,6.8,7.2,3,15.7
Mar-13,enugu,16.5,23.3,36,68,4.9,7.1,5,30
Apr-13,enugu,16.1,23.3,34.4,73,6.4,5.3,4,103.6
May-13,enugu,14.7,23.3,33.3,76,5.8,4,3,223.5
Jun-13,enugu,15.1,22.2,30.4,84,5.4,2.4,3,316.8
Jul-13,enugu,13.9,22.2,30.4,82,2.7,2.4,3,206.4
Aug-13,enugu,12.7,21.6,30.5,82,3.9,2.4,5.1,101.2
Sep-13,enugu,13.4,21.6,30.4,84,4.3,2.1,3,195.1
Oct-13,enugu,14.5,21.6,32.1,80,5.2,2.7,3,291.6
Nov-13,enugu,16.4,20.5,33.4,75,6.8,3.5,2,24.3
Dec-13,enugu,17,16.7,33.5,54,7.1,6.8,3,0
Jan-14,enugu,15.4,16.7,36,51,4.9,7.4,3,32.4
Feb-14,enugu,16.6,22.2,37,55,6,9,4,0
Mar-14,enugu,17.6,23.3,34,60,4.8,8.6,4,32.3
Apr-14,enugu,15.5,23.3,32,74,5.2,4.5,3,202
May-14,enugu,15.4,22.8,32.9,80,6.2,2.9,3,357.5
Jun-14,enugu,14.2,22.2,31.2,81,5.1,2.7,3,206.1
Jul-14,enugu,12.3,22.2,30.4,81,5.3,2.4,3,289.5
Aug-14,enugu,12.4,22.2,29.9,84,4.3,2.2,4,331.8
Sep-14,enugu,14.3,22.2,30.2,85,4.7,2.3,3,339.7
Oct-14,enugu,14.3,21.6,32.4,81,5.5,2.7,2,226.5
Nov-14,enugu,17.6,22.2,33.3,76,6.4,4,2,0.1
Dec-14,enugu,16.7,21.1,33.6,70,6.2,5.6,2,0
Jan-15,enugu,16.6,20,32.8,42,6.3,9.3,2,0
Feb-15,enugu,16.2,23.3,35.1,67,7.6,6.9,4,28
Mar-15,enugu,16.6,22.8,34.7,72,6.3,6.2,3,72.5
Apr-15,enugu,15.4,23.9,32.9,71,5.8,5.6,4,305.5
May-15,enugu,15.7,22.8,32.1,79,5.9,3.3,3,273.8
Jun-15,enugu,15.5,22.2,30.4,84,4.8,2.7,3,188.8
Jul-15,enugu,12.7,22.2,29.3,87,3.1,2.1,3,152
Aug-15,enugu,11.9,22.2,29.2,81,4.7,2.5,2,130.6
Sep-15,enugu,13.6,22.2,29,84,3.7,2.2,3,407.9
Oct-15,enugu,16.7,22.2,30.7,81,5.8,2.6,3,118.1
Nov-15,enugu,17.6,20.5,32.1,77,8.1,3.9,3,0.1
Dec-15,enugu,16.8,21.1,32.8,70,8.1,4.8,2,0
Jan-16,enugu,15,20,36.6,75,7.6,4.9,3,0
Feb-16,enugu,18,22.2,33.9,76,6.5,5.2,4,46.5
Mar-16,enugu,15.7,23.9,35.5,70,6.1,5.8,5,10.4
Apr-16,enugu,14.2,22.8,33.3,75,6.8,5.1,4,159.1
May-16,enugu,15,22.8,32.2,83,6.6,2.6,4,219.7
Jun-16,enugu,16.4,22.2,30,83,4.5,2.5,4,296.4
Jul-16,enugu,13,21.6,28.9,84,4.1,2.3,5,263.3
Aug-16,enugu,11.7,22.2,29.4,82,3.3,2.5,3,121.9
Sep-16,enugu,12.8,21.6,29.4,88,3.8,2,3,270.9
Oct-16,enugu,15.2,21.6,30.5,85,4.9,2.4,3,332.5
Nov-16,enugu,15.7,20.5,33.3,65,6.6,5.2,3,1.5
Dec-16,enugu,16.7,22.2,33.3,48,7.1,7.6,0,0
Jan-17,enugu,16.1,21.6,33.9,63,7.4,6.7,2,0.1
Feb-17,enugu,15.7,21.6,34.4,53,6.4,8.6,3,0
Mar-17,enugu,16.5,23.3,32.7,64,5.5,7.7,4,2.9
Apr-17,enugu,14.8,23.3,32.7,73,6.1,4.7,3,74.6
May-17,enugu,14.4,22.8,31.6,78,5.9,3.6,2,234.3
Jun-17,enugu,12.5,22.2,30,81,6.3,2.7,2,286.9
Jul-17,enugu,13.2,22.2,29.4,82,4.1,2.4,3,400.4
Aug-17,enugu,11.5,22.2,28.9,73,3.8,4.5,3,290.2
Sep-17,enugu,13.3,22.2,29.4,80,4.3,2.4,2,334.4
Oct-17,enugu,15.7,22.2,30.5,80,5.8,2.6,3,227.4
Nov-17,enugu,15.9,21.1,31.6,71,7.5,4.4,3,39.8
Dec-17,enugu,14.5,19.4,32.7,57,7.2,7.7,3,0
Jan-18,enugu,11.4,20,33.3,50,5.4,9,3,6.4
Feb-18,enugu,12.6,21.1,33.9,58,7.3,9.2,4,4.8
Mar-18,enugu,13.8,23.9,33.9,76,6.8,4.8,4,186.8
Apr-18,enugu,12.4,23.9,32.7,76,6.7,4,3,305.5
May-18,enugu,12.3,22.8,31.6,78,5.7,3.5,3,222.3
Jun-18,enugu,12.1,22.8,31.1,81,3.5,2.8,3,284.7
Jul-18,enugu,7.7,22.8,30,81,4.2,2.8,3,174.1
Aug-18,enugu,8.3,22.8,30,81,3.5,3.3,3,272.3
Sep-18,enugu,11.4,22.2,31.1,80,4.8,2.9,3,258
Oct-18,enugu,10.1,21.6,31.6,81,6.4,2.4,3,22.1
Nov-18,enugu,11.7,22.2,32.7,77,6.5,2.8,2,33.1
Dec-18,enugu,12.1,18.3,33.9,77,7.1,3.9,3,0
Jan-19,enugu,10.8,17.8,33.3,60,6.3,5.3,5,0.1
Feb-19,enugu,13.5,22.2,36.1,62,7.2,5.5,6,26.9
Mar-19,enugu,13.3,23.3,35,70,6.8,6,7,20.8
Apr-19,enugu,12.8,23.6,32.7,75,6.2,4,3,115.6
May-19,enugu,12.7,23.1,31.6,79,6.1,3.4,4,170
Jun-19,enugu,12.3,22.1,29.4,81,6.1,3,3,258.3
Jul-19,enugu,8.7,22,29.4,74,3.1,2.6,3,277.6
Aug-19,enugu,8.9,21.8,29.4,83,3,2.4,3.2,292
Sep-19,enugu,11.3,21.8,30.5,81,3.9,2.5,3,283.6
Oct-19,enugu,12.7,21.6,31.6,74,6.1,2.8,3,228.5
Nov-19,enugu,14.2,20.2,32.7,72,7.2,5.2,3,24.1
Dec-19,enugu,12,16.1,33.3,75,7.3,4.7,4,19.1
Jan-20,enugu,12.4,23.1,32.7,77,7.5,7,6,43.9
Feb-20,enugu,13.1,24.1,33.3,71,7.4,9,6,4.6
Mar-20,enugu,12.9,24.6,34.4,70,6.6,6.7,7,78.9
Apr-20,enugu,11.3,24.3,33.3,74,6.2,4.1,7,138.4
May-20,enugu,11.9,23.6,31.6,76,5.8,3.2,6,375
Jun-20,enugu,10.7,23.1,31.1,79,5.1,2.9,3,369.2
Jul-20,enugu,8.2,22.7,29.4,85,4.3,3.3,5,402.5
Aug-20,enugu,8.7,22.9,28.9,84,3.4,4.6,3.1,188.3
Sep-20,enugu,9.6,22.3,30.5,81,3.3,2.8,3,261.8
Oct-20,enugu,10.8,22,31.1,78,5.5,2.7,5,233.7
Nov-20,enugu,13.1,21,32.7,73,7.1,4.1,3,0
Dec-20,enugu,12.6,18,33.3,60,7.7,5,3,0
